identifier,consignee_name,consignee_address_1,consignee_address_2,consignee_address_3,consignee_address_4,city,state_province,zip_code,country_code,contact_name,comm_number_qualifier,comm_number
201801010,EMHART TEKNOLOGIES LLC,395 ROBERTS ROAD,CAMPBELLSVILLE KY 42718,USA,,,,,,,,
201801011,FRANKLIN ELECTRIC,1301 W.STOVALL ROAD,WILBURTON OK 74578,USA,,,,,,,,
201801012,EMHART TEKNOLOGIES LLC,395 ROBERTS ROAD,CAMPBELLSVILLE KY 42718,USA,,,,,,,,
201801013,JOSEPH POLLAK CORPORATION,300 DAN ROAD,CANTON MA 02021,USA,,,,,,,,
201801014,DETECTOR ELECTORINCS CORP.,10901 LOUISIANA AVE,MINNEAPOLIS MN 55438,USA,,,,,,,,
201801015,S.P. RICHARDS COMPANY,REDISTRIBUTION CENTER,190 SELIG DRIVE,ATLANTA GA 30336,USA,,,,,,,
201801016,BALKAMP INC.,"1601 WHITAKER ROAD,",PLAINFIELD IN,USA,,,,,,,,
201801017,"BALKAMP, INC.",8915 SOUTH 4000 WEST,WEST JORDAN UT 84088,USA,,,,,,,,
201801018,DANFOSS TURBOCOR,1769 E. PAUL DIRAC DRIVE,TALLAHASSEE FL,USA,,,,,,,,
201801019,BRIGHTON COLLECTIBLES,14022 NELSON AVENUE,CITY OF INDUSTRY CA 91746,USA,,,,,,,,
2018010110,TRELLBORG SEALING SOLUTIONS,TSS LOGISTICS CENTER AMERICAS,5503 DISTRIBUTION DRIVE,FORT WAYNE IN 46825,USA,,,,,,,
2018010111,SHURE JUAREZ C/O PRO TRANS,12425 ROJAS DRIVE BUILDING 1,EL PASO TX 79928,USA,,,,,,,,
2018010112,BRIGHTON COLLECTIBLES,14022 NELSON AVENUE,CITY OF INDUSTRY CA 91746,USA,,,,,,,,
2018010113,TRELLBORG SEALING SOLUTIONS,TSS LOGISTICS CENTER AMERICAS,5503 DISTRIBUTION DRIVE,FORT WAYNE IN 46825,USA,,,,,,,
2018010114,"SAFARILAND, LLC",13386 INTERNATIONAL PARKWAY,JACKSONVILLE FL 32218,USA,,,,,,,,
2018010115,"AGS STAINLESS, INC.","7873 NE DAY ROAD,",BAINBRIDGE ISLAND WA 98110,USA,,,,,,,,
2018010116,SHURE JUAREZ C/O PRO TRANS,12425 ROJAS DRIVE BUILDING 1,EL PASO TX 79928,USA,,,,,,,,
2018010117,TSS NORCAL SERVICE CENTER,7328 NORTH REMINGTON AVENUE,FRESNO CA 93711,USA,,,,,,,,
2018010118,CLV INC,1807 WEST DRAKE DR.,TEMPE AZ 85283,USA,,,,,,,,
2018010119,BRIGHTON COLLECTIBLES,14022 NELSON AVENUE,CITY OF INDUSTRY CA 91746,USA,,,,,,,,
2018010120,AMBU INC.,15011 HERRIMAN BOULEVARD,NOBLESVILLE IN 46060,USA,,,,,,,,
2018010121,ACTION SPORT GAMES USA INC.,6144 CONDOR DRIVE,MOORPARK CA 93021,USA,,,,,,,,
2018010122,"GAMO OUTDOOR USA, INC.","400 WEST STRIBLING DRIVE ROGERS,","ARKANSAS, AR 72756",USA,,,,,,,,
2018010123,INTREPID TRADING GROUP LTD.,C/O AMAZON COM INDC. LLC,"4255 ANSON BLVD.,",WHITESTOWN IN 46075,USA,,,,,,,
2018010124,PRIMERO GAMES LLC,"2150 NORTHMONT PARKWAY,STE H",DULUTH GA,USA,,,,,,,,
2018010125,ESTEE LAUDER COMPANIES,7 CORPORATE CENTER DRIVE,MELVILLE NY 11747,USA,,,,,,,,
2018010126,SNAP-ON INDUSTRIAL BRANDS,6969 JAMESSON ROAD,MIDLAND GA 31820,USA,,,,,,,,
2018010127,PANTOS LOGISTICS CANADA INC.,105 QUEENS PLATE DR UNIT,2ETOBICOKE ONTARIO M9W 7K4,TEL. 647 352-9243 FAX. 647 352-92,,,,,,,,
2018010128,GB PLASTIQUE INC,"8023, RUE JARRY EST H1J 1H6",ANJOU QUEBEC CANADA CA,TEL 514 353 1336,,,,,,,Telephone Number,ATTN MR. JOE DE LUCA
2018010129,"PKD LOGISTICS INC.,","5604 WENDY BAGWELL PARKWAY, SUITE",NO 223,"HIRAM,GEORGIA-30141 TEL 6789674444",,,,,,,Telephone Number,FAX 7706357621
2018010130,"PKD LOGISTICS INC.,","5604 WENDY BAGWELL PARKWAY, SUITE",NO 223,"HIRAM,GEORGIA-30141 TEL 6789674444",,,,,,,Telephone Number,FAX 7706357621
2018010131,BP PRODUCTS NORTH AMERICA INC,301 E OCEAN BLVD 500 LONG BEACH,CA 90802 USA,,,,,,,,,
2018010132,"ZURN INDUSTRIES,LLC",3690 JURUPA ST,ONTARIO CA 91761,ONTARIO CA 91761 US,,,,,,,,
2018010133,PKD LOGISTICS,"5604 WENDY BAGWELL PARKWAY,","SUITE NO 223 HIRAM,GEORGIA-30141",TEL 6789674444 FAX 7706357621,,,,,,,,
2018010134,PRINOVA US LLC,285E FULLERTON AVENUE,CAROL STREAM IL 60188,USA,,,,,,,,
2018010136,CONCORDE SPECIALTY GASES INC,"36 EATON ROAD,",EATONTOWN NJ 07724-2254,USA,,,,,,,,
2018010137,"ASIAN INDUSTRIAL PRODUCTS, INC.",7A DONNA DR.,WOOD RIDGE NJ 07075,USA,,,,,,,,
2018010139,"PHOENIX AROMAS&ESSENTIAL OILS,LLC","355 CHESTNUT STREET,",NORWOOD NJ 07648,USA,,,,,,,,
2018010140,YUCON GROUP LLC,8341 SW 75TH RD,GAINESVILLE FL 32608,USA,,,,,,,,
2018010141,BUSSE HOSPITAL DISPOSABLES,75 ARKAY DRIVE,HAUPPAUGE NY 11788,USA,,,,,,,,
2018010142,"FREIGHT CARGO LOGISTICS, INC.",47 TAMARACK CIRCLE,"SKILL MAN,NJ 08558",PHONE 609-688-0052,,,,,,,Telephone Number,FAX 609-688-8662
2018010143,BELVIDERE ASSOCIATES LLC DBA HBO,2650 BELVIDERE RD,WAUKEGAN IL 60085,USA,,,,,,,,
2018010144,PKD LOGISTICS,"5604 WENDY BAGWELL PARKWAY,","SUITE NO 223 HIRAM,GEORGIA-30141",TEL 6789674444 FAX 7706357621,,,,,,,,
2018010145,"FREIGHT CARGO LOGISTICS INC,","47 TAMARACK CIRCLE,","SKILLMAN, NEW JERSEY - 08558 USA.","TELNO 609 688 0052,FAX 609 688 8662",,,,,,,,
2018010147,INTERGLOBO CUSTOMS BROKERS INC.,"4 EXPRESSWAY PLAZA, SUITE # 216","ROSLYN HEIGHTS, NY 11577","TEL 516-403-4080,FAX 516-403-4089",,,,,,,,
2018010149,PKD LOGISTICS,"5604 WENDY BAGWELL PARKWAY,","SUITE NO 223 HIRAM,GEORGIA-30141",TEL 6789674444 FAX 7706357621,,,,,,,,
2018010150,CRS MARBLE AND GRANITE LLC,7521 EXHIBIT COURT,RALEIGH NC 27617,USA,,,,,,,,
2018010151,PKD LOGISTICS,"5604 WENDY BAGWELL PARKWAY,","SUITE NO 223 HIRAM,GEORGIA-30141",TEL 6789674444 FAX 7706357621,,,,,,,,
2018010153,PKD LOGISTICS,"5604 WENDY BAGWELL PARKWAY,","SUITE NO 223 HIRAM,GEORGIA-30141",TEL 6789674444 FAX 7706357621,,,,,,,,
2018010154,"FREIGHT CARGO LOGISTICS, INC.",47 TAMARACK CIRCLE,"SKILLMAN, NJ 08558",PHONE 609-688-0052,,,,,,,Telephone Number,FAX 609-688-8662
2018010155,URBAN ORIGINALS LLC,"SUITE 140, 21 NATOMA ST",FOLSOM CA 95630,USA,,,,,,,,
2018010156,PKD LOGISTICS,"5604 WENDY BAGWELL PARKWAY,","SUITE NO 223 HIRAM,GEORGIA-30141",TEL 6789674444 FAX 7706357621,,,,,,,,
2018010157,"JINX, INC.",13465 GREGG STREET,POWAY CA 92064 US,,,,,,,,,
2018010158,"FREIGHT CARGO LOGISTICS, INC.",47 TAMARACK CIRCLE,"SKILLMAN, NJ 08558",PHONE 609-688-0052,,,,,,,Telephone Number,FAX 609-688-8662
2018010159,AISHWARYA LOGISTICS,"4-24, SELLERS ST","KEARNY ,NJ 07032, USA",PH 201 955 9181 FAX 201 955 9185,,,,,,,,
2018010160,"SERCK SERVICES, INC",5569 PEARL ST,DENVER CO 80216 US,,,,,,,,,
2018010164,PKD LOGISTICS,"5604 WENDY BAGWELL PARKWAY,","SUITE NO 223 HIRAM,GEORGIA-30141",TEL 6789674444 FAX 7706357621,,,,,,,,
2018010165,"FREIGHT CARGO LOGISTICS, INC.",47 TAMARACK CIRCLE,"SKILLMAN, NJ 08558",PHONE 609-688-0052,,,,,,,Telephone Number,FAX 609-688-8662
2018010166,"FREIGHT CARGO LOGISTICS, INC.",47 TAMARACK CIRCLE,"SKILLMAN, NJ 08558",PHONE 609-688-0052,,,,,,,Telephone Number,FAX 609-688-8662
2018010167,MAHLE COMPRESORES S.R.L.,C/O PANALPINA INC. X-DOCK,"1430 HENRY BRENNAN DR, LOC ID:80712",EL PASO TX 79936 US,,,,,,,,
2018010168,PSP DISTRIBUTION LLC,17197 N LAUREL PARK DRIVE,SUITE 402,LIVONIA MI 48152 US,,,,,,,,
2018010169,SEKO WORLDWIDE LLC - JFK,230-59 INTERNATIONAL AIRPORT,CENTER BLVD SUITE 190,,,NAC: BUNDLE NAME AC,NY,11413,US,,,
2018010170,DIRECT SERVICE INC.,"1209 JOHN REED COURT,","CITY OF INDUSTRY,CA 91745 USA",,,"CITY OF INDUSTRY,CA",CA,91745,US,,,
2018010171,SELECT BRANDS INC.,10817 RENNER BLVD,LENEXA KS 66219 US,,,,,,,,,
2018010172,JABIL CIRCUIT INC.,5238 LAMAR ROAD,MEMPHIS TN 38118 US,,,,,,,,,
2018010173,NIPPON ELECTRIC GLASS AMERICA INC,1515 E WOODFIELD RD,STE 720,SCHAUMBURG IL 60173-5468 US,,,,,,,,
2018010174,RIDHI SIDHI ENTERPRISES LLC,262 W 38TH STREET; SUITE NO 506,NEW YORK NY 10018,USA,,,,,,,,
2018010175,PORT PACKAGING,14830 TALCOTT STREET A,,,,HOUSTON,TX,77015,US,,,
2018010176,NIPPON ELECTRIC GLASS AMERICA INC,1515 E WOODFIELD RD,STE 720,SCHAUMBURG IL 60173-5468 US,,,,,,,,
2018010177,SENSIENT COLORS LLC,2515 NORTH JEFFERSON AVENUE,SAINT LOUIS MO 63106,USA,,,,,,,,
2018010178,GENERICHEM CORPORATION,"5 TAFT ROAD,",TOTOWA NJ 07511-0457,USA,,,,,,,,
2018010179,SAM HEDAYA INC,295 5TH AVE SUIT 302,NEW YORK NY 10016,USA,,,,,,,,
2018010180,SAM HEDAYA INC,295 5TH AVE SUIT 302,NEW YORK NY 10016,USA,,,,,,,,
2018010181,PKD LOGISTICS,"5604 WENDY BAGWELL PARKWAY,","SUITE NO 223 HIRAM,GEORGIA-30141",TEL 6789674444 FAX 7706357621,,,,,,,,
2018010182,ELEGANT HOME DESIGN,9929 LACKMAN ROAD,"LENEXA, KS 66219",USA,,,,,,,,
2018010183,ENCORE SHIPPING INC,125 E LAKE ST SUITE 204,BLOOMINGDALE IL 60108,PH 630 893 8700 FAX 630 893 8787,,,,,,,,
2018010184,A & T TRADING US INC,115 SCHMITT BLVD,FARMINGDALE NY 11735,USA,,,,,,,,
2018010185,AISHWARYA LOGISTICS,"4-24, SELLERS ST","KEARNY ,NJ 07032",PH 201 955 9181 FAX 201 955 91852,,,,,,,,
2018010186,"FREIGHT CARGO LOGISTICS INC,",47 TAMARACK CIRCLE,"SKILLMAN, NJ 08558,USA",TEL. 609-688-0052,,,,,,,Telephone Number,FAX 609-688-8662
2018010187,DEALS WHOLESALES CORP,ONE PASSAIC ST UNIT 76S,WOODRIDGE NJ 07075,USA,,,,,,,,
2018010188,JING MEI AUTOMOTIVE (USA) INC.,"8755 WEST HIGGINS ROAD, SUITE 820",CHICAGO IL 60631 US,,,,,,,,,
2018010189,"NEW ENGLAND POTTERY, LLC",125 JOHN HANCOCK ROAD,SUITE 5,TAUNTON MA 02780 US,,,,,,,,
2018010190,SELECT BRANDS INC.,10817 RENNER BLVD,LENEXA KS 66219 US,,,,,,,,,
2018010192,SELECT BRANDS INC.,10817 RENNER BLVD,LENEXA KS 66219 US,,,,,,,,,
2018010193,SELECT BRANDS INC.,10817 RENNER BLVD,LENEXA KS 66219 US,,,,,,,,,
2018010194,"AVANTOR PERFORMANCE MATERIALS, LLC","RTRN GOODS / RSRC RECOVERY,",NORTH BRAD STREET 600,NJ 08865-1271 PHILLIPSBURG,UNITED STATES,,,,,,,
2018010195,PKD LOGISTICS,"5604 WENDY BAGWELL PARKWAY,","SUITE NO 223 HIRAM,GEORGIA-30141",TEL 6789674444 FAX 7706357621,,,,,,,,
2018010196,PKD LOGISTICS,"5604 WENDY BAGWELL PARKWAY,","SUITE NO 223 HIRAM,GEORGIA-30141",TEL 6789674444 FAX 7706357621,,,,,,,,
2018010197,TREK INC (DESOTO),"1515 OSPREY DRIVE 75155 DESOTO,",TEXAS - USA - MR. FRANK DAVIS,TEL:+1 972 224 1589 FAX:+1 972 224,,1-9722241589,,,,,,
2018010198,"CIRCOR ENERGY PRODUCTS, INC",1500 SE 89TH STREET,OKLAHOMA CITY OK 73149 US,,,,,,,,,
20180101100,PKD LOGISTICS,"5604 WENDY BAGWELL PARKWAY,","SUITE NO 223 HIRAM,GEORGIA-30141",TEL 6789674444 FAX 7706357621,,,,,,,,
20180101101,LOGISTICS PAN-AMERICA CORP.,177-25 ROCKAWAY BLVD.#217 JAMAICA,NY 11434,TEL : 001-718-632-7888,,1-7186327888 TEL,EX,1-718632,87,,,
20180101102,PARKER HANNIFIN CORPORATION,580 SIGMAN ROAD,CONYERS GA 30013 US,,,,,,,,,
20180101103,"FORTRESS DECK PRODUCTS, LLC",DBA FORTRESS DECK PRODUCTS,1720 N. FIRST STREET,GARLAND TX 75040 US,,,,,,,,
20180101104,"FORTRESS DECK PRODUCTS, LLC",DBA FORTRESS DECK PRODUCTS,1720 N. FIRST STREET,GARLAND TX 75040 US,,,,,,,,
20180101105,MAKITA USA INC,14930 NORTHAM ST,LA MIRADA CA 90638 US,,,,,,,,,
20180101106,DB SCHENKER,KONE FACILITY: SOUTH DC,"3737 GRADER ST, STE 110",GARLAND TX 75041-6180 US,,,,,,,,
20180101107,"NEW ENGLAND POTTERY, LLC",125 JOHN HANCOCK ROAD,SUITE 5,TAUNTON MA 02780 US,,,,,,,,
20180101108,"NEW ENGLAND POTTERY, LLC",125 JOHN HANCOCK ROAD,SUITE 5,TAUNTON MA 02780 US,,,,,,,,
20180101109,"FOUR PAWS PRODUCTS, LIMITED",SOUTH BRUNSWICK NJ PET DC,965 CRANBURY SOUTH RIVER RD,JAMESBURG NJ 08831 US,,,,,,,,
20180101110,PSP DISTRIBUTION LLC,17197 N LAUREL PARK DRIVE,SUITE 402,LIVONIA MI 48152 US,,,,,,,,
20180101111,PATRICK SMITH,151 REDSTONE CT,"FELTON, DE 19943 UNITED STATES",C:+15052594743,,,,,,,Telephone Number,W:
20180101112,TILLAR S. FIELDS,"5996 COLBY HUNT CT HAYMARKET,",VA 20169 USA,,,,,,,,,
20180101113,PSP DISTRIBUTION LLC,17197 N LAUREL PARK DRIVE,SUITE 402,LIVONIA MI 48152 US,,,,,,,,
20180101114,MAHLE COMPRESORES S.R.L.,C/O PANALPINA INC. X-DOCK,"1430 HENRY BRENNAN DR, LOC ID:80712",EL PASO TX 79936 US,,,,,,,,
20180101115,JS PRODUCTS INC,6445 MONTESSOURI STREET,LAS VEGAS NV 89113 US,,,,,,,,,
20180101116,PKD LOGISTICS,"5604 WENDY BAGWELL PARKWAY,","SUITE NO 223 HIRAM,GEORGIA-30141",TEL 6789674444 FAX 7706357621,,,,,,,,
20180101117,"FREIGHT CARGO LOGISTICS, INC.",47 TAMARACK CIRCLE,"SKILLMAN, NJ 08558",PHONE 609-688-0052,,,,,,,Telephone Number,FAX 609-688-8662
20180101118,VASINEE FOOD CORPORATION,"1247 GRAND STREET,",BROOKLYN,"NY,11211,US",,,,,,,,
20180101119,SINO PACIFIC CUSTOMS BROKERAGE INC.,170 DUANE STREET 2C,NEW YORK NY 10013 UNITED STATES,,,,,,,,,
20180101120,MR. ROHAN RAHA THEOPHILUS,C/O REINDEER FORWARDING,5100 CHARLES COURT,"ZIONSVILLE, IN 46077",,,,,,,,
20180101121,MRS.,RHEANNA SINNETT,1520 GORDON COVE DR.,"US ANNAPOLIS, MD 21403",,,,,,,Telephone Number,TEL: +01-443-852-1125
20180101122,MR. AND/OR MRS.,CARLOS AND/OR LUZ GUARDADO,1905 SOUTHRIDGE DR.,"US EDGEWOOD, MD. 21040",,,,,,,Telephone Number,TEL: +1-973-317-2993
20180101123,RANDALL S. WATKINS,214 GATESWOOD RD.,"21093 LUTHERVILLE/TIMOMIUM, MD",,,,,,,,,
20180101124,CASHTON FARM SUPPLY LTD,300 STATE HWY 27,,,,CASHTON,WI,54619,US,,,
20180101125,CASHTON FARM SUPPLY LTD,300 STATE HWY 27,,,,CASHTON,WI,54619,US,,,
20180101126,CASHTON FARM SUPPLY LTD,300 STATE HWY 27,,,,CASHTON,WI,54619,US,,,
20180101127,CASHTON FARM SUPPLY LTD,300 STATE HWY 27,,,,CASHTON,WI,54619,US,,,
20180101128,CASHTON FARM SUPPLY LTD,300 STATE HWY 27,,,,CASHTON,WI,54619,US,,,
20180101129,CASHTON FARM SUPPLY LTD,300 STATE HWY 27,,,,CASHTON,WI,54619,US,,,
20180101130,RTW LOGISTICS INC.,500 E CARSON PLAZA,"DR SUITE 218 CARSON, CA 90746, USA","TEL: (310) 237 5834,",,,,,,,Telephone Number,FAX: (310) 237 5836
20180101131,RTW LOGISTICS INC.,500 E CARSON PLAZA,"DR SUITE 218 CARSON, CA 90746, USA",TEL: (310) 237 5834,,,,,,,Telephone Number,FAX: (310) 237 5836
20180101132,RTW LOGISTICS INC,500 E CARSON PLAZA,"DR SUITE 218 CARSON, CA 90746, USA",TEL: (310) 237 5834,,,,,,,Telephone Number,FAX: (310) 237 5836
20180101133,RTW LOGISTICS INC,500 E CARSON PLAZA DR. SUITE 218,"CARSON, CA 90746",PHO:+1 310-237-5834,,,,,,,Telephone Number,FAX: +1 310-237-5836
20180101134,RTW LOGISTICS INC,500 E CARSON PLAZA,"DR SUITE 218 CARSON, CA 90746, USA",TEL: (310) 237 5834,,,,,,,Telephone Number,FAX: (310) 237 5836
20180101135,RTW LOGISTICS INC,500 E CARSON PLAZA DR. SUITE 218,"CARSON, CA 90746",PHO:+1 310-237-5834,,,,,,,Telephone Number,FAX: +1 310-237-5836
20180101136,SIRRENA DRUMMOND,10814 PRESERVATION,VIEW DRIVE,,,TAMPA,FL,33626,US,,,
20180101137,WALTER KIDDE PORTABLE EQUIPMENT INC,1027 CORPORATE PARK DRIVE MEBANE N,C 27302 USA,,,,,,,,,
20180101138,SENTURY TIRE USA INC,"3121 NW 125TH STREET MIAMI,",FL 33167,MIAMI FL 33167 US,,,,,,,,
20180101139,PKD LOGISTICS,"5604 WENDY BAGWELL PARKWAY,","SUITE NO 223 HIRAM,GEORGIA-30141",TEL 6789674444 FAX 7706357621,,,,,,,,
20180101140,COATING EXCELLENCE INTERNATIONAL,LLC 975 BROADWAY STREET,WRIGHTSTOWN WI 54180,USA,,,,,,,,
20180101141,COATING EXCELLENCE INTERNATIONAL,LLC 975 BROADWAY STREET,WRIGHTSTOWN WI 54180,USA,,,,,,,,
20180101142,COATING EXCELLENCE INTERNATIONAL,LLC 975 BROADWAY STREET,WRIGHTSTOWN WI 54180,USA,,,,,,,,
20180101143,COATING EXCELLENCE INTERNATIONAL,LLC 975 BROADWAY STREET,WRIGHTSTOWN WI 54180,USA,,,,,,,,
20180101144,GRANITE AMERICA INC,1121 SAINT LOUIS AVENUE,LOUISVILLE KY 40210,USA,,,,,,,,
20180101145,COATING EXCELLENCE INTERNATIONAL,LLC 975 BROADWAY STREET,WRIGHTSTOWN WI 54180,USA,,,,,,,,
20180101146,"VG ENTERPRISES, INC",4 RICHARDSON CT. MARLBORO,NJ 07746 USA,PH 732 972-0148 FAX 732 972-2,,,,,,,,
20180101147,PENGUIN SHIPPING LLC,"253 MAIN ST, STE.172","MATAWAN, NJ 07746",TEL 732 995 5963 FAX 732 540 9957,,,,,,,,
20180101148,GRANITE DEPOT OF NORTH FLORIDA LLC,2703 PHILIPS HIGHWAY,JACKSONVILLE FL 32207,USA,,,,,,,,
20180101149,STONE SOURCE INTERNATIONAL INC,"5 CHRIS COURT, UNIT 5E,",DAYTON NJ 08810,USA,,,,,,,,
20180101150,PKD LOGISTICS,"5604 WENDY BAGWELL PARKWAY,","SUITE NO 223 HIRAM,GEORGIA-30141",TEL 6789674444 FAX 7706357621,,,,,,,,
20180101151,CV INTERNATIONAL INC.,1128 WEST OLNEY ROAD,"NORFOLK, VA 23507",TEL 757-466-1170,FAX 757-466-1823,,,,,,,
20180101152,VOGT POWER INTERNATIONAL,13551 TRITON PARK BLD SUITE 2000,"LOUISVILLE, KENTUCKY,",40223 USA TEL: +1-502-899-1958,,,,,,,,
20180101153,VOGT POWER INTERNATIONAL,13551 TRITON PARK BLD SUITE 2000,"LOUISVILLE, KENTUCKY,",40223 USA TEL: +1-502-899-1958,,,,,,,,
20180101154,ENCORE SHIPPING INC,125 E LAKE ST SUITE 204,BLOOMINGDALE IL 60108,PH 630 893 8700 FAX 630 893 8787,,,,,,,,
20180101155,COATING EXCELLENCE INTERNATIONAL,LLC 975 BROADWAY STREET,WRIGHTSTOWN WI 54180,USA,,,,,,,,
20180101156,COATING EXCELLENCE INTERNATIONAL,LLC 975 BROADWAY STREET,WRIGHTSTOWN WI 54180,USA,,,,,,,,
20180101157,COATING EXCELLENCE INTERNATIONAL,LLC 975 BROADWAY,WRIGHTSTOWN WI 54180,USA,,,,,,,,
20180101158,COATING EXCELLENCE INTERNATIONAL,LLC 975 BROADWAY STREET,WRIGHTSTOWN WI 54180,USA,,,,,,,,
20180101159,COATING EXCELLENCE INTERNATIONAL,LLC 975 BROADWAY STREET,WRIGHTSTOWN WI 54180,USA,,,,,,,,
20180101160,SURVITEC GROUP,FACTORY 4 1 5 BEAUFORT RD,BIRKENHEAD MERSEYSIDE ENGLAND CH41,1HQ,,,,,,,,
20180101161,EURO QUARRIES,P.O.BOX 151 PARRISH.FL 34219,,,,,,,,,,
20180101162,CASHTON FARM SUPPLY LTD,300 WI-27,,,,CASHTON,WI,54619,US,,,
20180101163,CASHTON FARM SUPPLY LTD,300 WI-27,,,,CASHTON,WI,54619,US,,,
20180101164,CASHTON FARM SUPPLY LTD,300 WI-27,,,,CASHTON,WI,54619,US,,,
20180101165,CASHTON FARM SUPPLY LTD,300 WI-27,,,,CASHTON,WI,54619,US,,,
20180101166,CASHTON FARM SUPPLY LTD,300 WI-27,,,,CASHTON,WI,54619,US,,,
20180101167,RTW LOGISTICS INC.,500 E CARSON PLAZA,"DR SUITE 218 CARSON, CA 90746, USA","TEL: (310) 237 5834,",,,,,,,Telephone Number,FAX: (310) 237 5836
20180101168,RTW LOGISTICS INC.,500 E CARSON PLAZA,"DR SUITE 218 CARSON, CA 90746, USA","TEL: (310) 237 5834,",,,,,,,Telephone Number,FAX: (310) 237 5836
20180101169,RTW LOGISTICS INC.,500 E CARSON PLAZA,"DR SUITE 218 CARSON, CA 90746, USA","TEL: (310) 237 5834,",,,,,,,Telephone Number,FAX: (310) 237 5836
20180101170,RTW LOGISTICS INC.,500 E CARSON PLAZA,"DR SUITE 218 CARSON, CA 90746, USA","TEL: (310) 237 5834,",,,,,,,Telephone Number,FAX: (310) 237 5836
20180101171,RTW LOGISTICS INC.,500 E CARSON PLAZA,"DR SUITE 218 CARSON, CA 90746, USA","TEL: (310) 237 5834,",,,,,,,Telephone Number,FAX: (310) 237 5836
20180101173,ZHONGQIAO USA INTL CORP,9520 7TH ST SUITE A RANCHO,CUCAMONGA CA UNITED STATES 91730,,,,,,,,,
20180101174,PARRISH TIRE COMPANY INC.,5130 INDIANA AVENUE WINSTON SALEM,NC UNITED STATES 27106,,,,,,,,,
20180101175,NBR WHEELS AND TIRES LLC,"1461 S.BELTLINE ROAD,SUITE 300",COPPELL TX UNITED STATES 75019,,,,,,,,,
20180101176,INDO AMERICAN INC,"4-24, SELLERS ST",KEARNY NJ 07032,USA,,,,,,,,
20180101177,GRANITE AMERICA,1121 SAINT LOUIS AVENUE,LOUISVILLE KY 40210,USA,,,,,,,,
20180101179,LF LOGISTICS USA LLC,"10350 HERITAGE PARK DRIVE,SUITE 200",SANTA FE SPRINGS CA 90670 UNITED ST,,,,,,,,,
20180101180,PKD LOGISTICS,"5604 WENDY BAGWELL PARKWAY,","SUITE NO 223 HIRAM,GEORGIA-30141",TEL 6789674444 FAX 7706357621,,,,,,,,
20180101181,PKD LOGISTICS,"5604 WENDY BAGWELL PARKWAY,","SUITE NO 223 HIRAM,GEORGIA-30141",TEL 6789674444 FAX 7706357621,,,,,,,,
20180101182,PKD LOGISTICS,5604 WENDY BAGWELL PARKWAY,"SUITE NO_223 HIRAM,GEORGIA-30141",TEL_6789674444 FAX_7706357621,,,,,,,,
20180101183,"BADCOCK ECONOMY FURNITURE STORES,","INC 3931 RCA BLVD, STE 3122","PALM BEACH GARDENS, FL 33410 USA",,,,,,,,,
20180101184,HECNY TRANSPORTATION INC (LAX),"19550 S. DOMINGUEZ HILLS DRIVE,","1RANCHO DOMINGUEZ, CA 90220.",TEL: 562-616-7888 FAX: 562-616-7895,,,,,,,Telephone Number,LAX`DCENTER HECNYUSA.COM
20180101185,KEY SAFETY SYSTEMS,7000 NINETEEN MILE ROAD,STERLING HEIGHTS MI 48314,USA,,,,,,,,
20180101188,"MTS LOGISTICS INC, USA",5 WEST 37TH STREET SUITE 300,NEW YORK NY 10018 UNITED STATES,,,,,,,,,
20180101189,"BADCOCK ECONOMY FURNITURE STORES,","INC 3931 RCA BLVD, STE 3122","PALM BEACH GARDENS, FL 33410 USA",,,,,,,,,
20180101190,HECNY TRANSPORTATION INC (LAX),"19550 S. DOMINGUEZ HILLS DRIVE,","1RANCHO DOMINGUEZ, CA 90220.",TEL: 562-616-7888 FAX: 562-616-7895,,,,,,,Telephone Number,LAX`DCENTER HECNYUSA.COM
20180101192,VF CORPORATION,6550 KATELLA AVE.,CYPRESS,"CA, 90630 USA",GREENSBORO NC 27401,,,,,,,
20180101193,"BR GLOBAL, LLC","150 ROUNDABOUT CT. ROCKY MOUNT,",NC 27804,,,,,,,,,
20180101194,CUMMINS ENGINE CO. INC.,20 ZANE GREY RECEIVING LOC-372,EL PASO TX 79906,USA,,,,,,,,
20180101195,US PACIFIC TRANSPORT INC,"36-36 MAIN STREET, 6/FLOOR UNIT 6R",FLUSHING/QUEENS NY 11354 UNITED STA,,,,,,,,,
20180101196,BUILDING PRODUCTS OF AMERICA LLC,1127 S 56TH STREET,TAMPA FL 33619,USA,,,,,,,,
20180101197,INDO AMERICAN INC,"4-24, SELLERS ST",KEARNY NJ 07032,USA,,,,,,,,
20180101198,RELIANCE GRANITE & MARBLE CORP,50 BORIGHT AVENUE,KENILWORTH NJ 07033,USA,,,,,,,,
20180101199,EASY STONES,5965 PEACHTREE CORNERS EAST,SUITE A5,"NORCROSS, GA 30071 US",,,,,,,,
20180101200,DAHNAY LOGISTICS USA INC,"#1 CRAGWOOD ROAD, SUITE 305A,","SOUTH PLAINFIELD,NJ-07080,USA",TEL 908-315-1500,,,,,,,Telephone Number,USA.OPS@DAHNAYLOGISTICS.COM
20180101201,RDD FREIGHT INTERNATIONAL INC,17425 RAILROAD ST.,CITY OF INDUSTRY CA 91748 UNITED ST,,,,,,,,,
20180101202,BARSAN GLOBAL LOGISTICS INC,17-09 ZINK PLACE SUITE#5 FAIR LAWN,NJ 07410 USA,TEL :+1 201 773 0730,FAX :+1 201 773 0731,,,,,,,
20180101203,"APEX MARITIME CO.,(LAX) INC.",.,"565 BREA CANYON RD., SUITE D WALNUT",CA 91789 US,,,,,,,,
20180101204,DHL GLOBAL FORWARDING,SUITE 520 5955 CORE ROAD,NORTH CHARLESTON SC 29406,UNITED STATES,,,,,,,Telephone Number,7603452 7603452
20180101205,GATES CORPORATION,2700 EARAHART COURT,5887 DENVER CO,HEBRON KY 41048,USA,,,,,,,
20180101206,GATES CORPORATION,2700 EARAHART COURT,5887 DENVER CO,HEBRON KY 41048,USA,,,,,,,
20180101207,DERNIS INTL MARKETING CO.,2600 RELIANCE DRIVE,"VIRGINIA BEACH, VIRGINIA 23452 USA",VIRGINIA BEACH VA,USA,,,,,,,
20180101208,TO THE ORDER OF,JS BANK LIMITED,"KARACHI, PAKISTAN",,,,,,,,,
20180101209,TO THE ORDER OF,JS BANK LIMITED,"KARACHI, PAKISTAN",,,,,,,,,
20180101210,NMT INTERNATIONAL SHIPPING DUBAI LL,"THE PALLADIUM, UNIT #1004, 10TH FLO",OR,"JUMEIRAH LAKES TOWERS, DUBAI",,,,,,,Telephone Number,UNITED ARAB EMIRATES
20180101211,NMT INTERNATIONAL SHIPPING DUBAI LL,"THE PALLADIUM, UNIT #1004, 10TH FLO",OR,"JUMEIRAH LAKE TOWERS, DUBAI",,,,,,,Telephone Number,UNITED ARAB EMIRATES
20180101212,KUWAIT COMMERCIAL AGENCY COMPANY,FOR HALLIBURTON OVERSEAS LIMITED,"WAREHOUSE NO. 1,",KGL WAREHOUSE FACILITY,,,,,,,,
20180101214,DYSTAR L. P.,9844-A SOUTHERN PINE BLVD.CHARLOTTE,,,,NORTH CAROLINA,,,US,,,
20180101215,EMPIRE STONES GROUP CORP,2543 CRYSTAL DR.,FORT MYERS FL 33966,USA,,,,,,,,
20180101216,EMPIRE STONES GROUP CORP,2543 CRYSTAL DR.,FORT MYERS FL 33966,USA,,,,,,,,
20180101217,EMPIRE STONES GROUP CORP,2543 CRYSTAL DR.,FORT MYERS FL 33966,USA,,,,,,,,
20180101218,"OLD WORLD COBBLE, LLC","6 COLLETTI LANE, SWANSEA,","MA 02777, USA",SWANSEA MA 02777,USA,,,,,,,
20180101219,GIC ENGINEERING INC,2431 DESTINY WAYODESSA FL 33556,,,,,,,,,,
20180101220,ONIX ELECTRONICS LLC,9631 PREMIER PKWY,,,,MIRAMAR,FL,33025,US,,,
20180101222,"GENERAL WORK PRODUCTS, INC.",4912 MEHURIN STREET,"JEFFERSON, LA 70121, U. S . A.",70121,,,,,,,,
20180101223,TOPOCEAN CONSOLIDATION SERVICE (LAX,2727 WORKMAN MILL ROAD,CITY OF INDUSTRY CA 90601 UNITED ST,,,,,,,,,
20180101224,"UPS OCEAN FREIGHT SERVICES, INC.",FMC #016871N,3400 NW 74TH AVE SUITE 5 & 6,MIAMI FL 33122 US,PHONE: 305-420-2500,,,,,,,
20180101226,MU HOLDINGS INC DBA MARBLE UNIQUES,815 WEST JEFFERSON ST,TIPTON IN 46072 US,,,,,,,,,
20180101227,TRANSMARINE NAVIGATION CORPORATION,1270 SPRINGBROOK ROAD SUITE D,WALNUT CREEK CA 94597,,,,,,,,,
20180101229,BLUE PLANET INC NJ,959 BETHEL AVE,PENNSAUKEN NJ 08816 US,,,,,,,,,
20180101230,KUEHNE + NAGEL LTD (TRINIDAD),1ST FLOOR PORT ADMINSTRATION?BUILDI,,,,PORT OF SPAIN,,,TT,,,
20180101232,"TRANSINDO USA, INC.","355 SOUTH LEMON AVENUE, SUITE E","WALNUT, CA 91789",USA,,,,,,,,
20180101234,ALLIED FITTING L.P.,7200 MYKAWA ROAD,HOUSTON TX 77033 US,,,,,,,,,
20180101235,RESTAURANT DEPOT LLC.,1524 132ND STREET COLLEGE POINT,"NEW YORK 11356,U.S.A",,,,,,,,,
20180101236,"NAPA FURNITURE DESIGNS, INC",170 TUNNEL ROAD,VERNON CT USA 06066,,,,,,,,,
20180101237,STAR STAINLESS SCREW CO.,"30 WEST END ROAD., P.O. 288","TOTOWA, NJ 07511",,,,,,,,,
20180101238,BLUE PLANET INC,959 BETHEL AVE PENNSAUKEN,PENNSAUKEN NJ 08110 US,,,,,,,,,
20180101239,MAERSK INC,MAERSK INC,"180 PARK AVE,BUILDING 105","PO BOX 950,FLORHAM PARK, NJ 07932",,,,,,,,
20180101240,"POLYPLASTICS USA, INC","27240 HAGGARTY ROAD, SUITE E-20","FARMINGTON HILLS, MI 48331",,,FARMINGTON,MI,48331,US,,,
20180101243,PANDA KITCHEN AND BATH EXPO CENTER,6607 N DALE MABRY HIGHWAY TAMPA,FL UNITED STATES 33614,,,,,,,,,
20180101244,ALLIED FITTING L.P.,7200 MYKAWA ROAD,HOUSTON TX 77033 US,,,,,,,,,
20180101245,LEATHER GROUP INC,12106 NE AINSWORTH CIRCLE,PORTLAND OR,0,,USA,OR,97220,US,,,
20180101246,ALLIED FITTING L.P.,7200 MYKAWA ROAD,HOUSTON TX 77033 US,,,,,,,,,
20180101248,NSOLO CONSULTING GROUP,3400 NE 192ND STREET SUITE 210,"AVENTURA, FL 33180 US",,,,,,,,,
20180101251,EXPEDITORS INTL OF WA INC,18255 HUMBLE PARKWAY,HUMBLE TX 77338,U.S.A.,,1-2819132900 TEL,EX,1-281913,28,,,
20180101252,"EVERGREEN FOREST PRODUCTS, INC",578 SOUND AVE,WADING RIVER NY 11792 US,,,,,,,,,
20180101253,"PNL LOGISTICS, INC.",SUITE 170 400 SOUTH ATLANTIC BOULEV,MONTEREY PARK CA 91754,UNITED STATES,,,,,,,Telephone Number,6568189 6568189
20180101254,"PNL LOGISTICS, INC.",SUITE 170 400 SOUTH ATLANTIC BOULEV,MONTEREY PARK CA 91754,UNITED STATES,,,,,,,Telephone Number,6568189 6568189
20180101255,PUDONG PRIME INTERNATIONAL LOGISTIC,"9660 FLAIR DRIVE, SUITE 488",EL MONTE CA 91731 UNITED STATES,,,,,,,,,
20180101256,ENCORE SHIPPING INC,125 E LAKE ST SUITE 204,BLOOMINGDALE IL 60108,PH 630 893 8700 FAX 630 893 8787,,,,,,,,
20180101257,ABH GROUP LLC,8228 CYPRESS LAKE DRIVE,SARASOTA FL 34243,USA,,,,,,,,
20180101258,"FLAGSTONE FOODS, INC","380 ST. PETER STREET, SUITE 1000","ST. PAUL,MN,55102,US",,,,,,,,,
20180101260,ACME FURNITURE INDUSTRY INC.,"18895 E. ARENTH AVE., CITY OF","INDUSTRY, CA 91748 U.S.A.",,,,,,,,,
20180101261,TRANSINDO USA INC,"355 SOUTH LEMON AVENUE, SUITE E","WALNUT, CA 91789 PHONE : (909) 444-",0499 FAX : (909) 444-0509,,,,,,,,
20180101262,OEC SHIPPING LOS ANGELES INC,"13100 ALONDRA BLVD, SUITE 100",CERRITOS CA 90703,UNITED STATES,,,,,,,Telephone Number,EMAIL: ALL.LAX OECGROUP.COM
20180101263,KROMET ENGINEERED PRODUCTS INC.,"415 WATERMAN ST SE MARIETTA,","GA,30060 USA",,,,,,,,,
20180101265,NATIONAL NAIL CORP.,2964 CLYDON SW,,,,GRAND RAPIDS,MI,49519,US,,,
20180101266,OEC SHIPPING LOS ANGELES INC,"13100 ALONDRA BLVD, SUITE 100",CERRITOS CA 90703,UNITED STATES,,,,,,,Telephone Number,EMAIL: ALL.LAX OECGROUP.COM
20180101267,PRIME RESOURCES CORPORATION,"1100 BOSTON AVE BRIDGEPORT, CT 0661",0 USA.,BRIDGEPORT CT 06610,USA,,,,,,,
20180101268,PRIME RESOURCES CORP,"1100 BOSTON AVE SUITE 4, BRIDGEPORT",", CT 06610 USA",BRIDGEPORT CT 06610,USA,,,,,,,
20180101269,GEXPRO SERVICES,1000 BRIDGEPORT AVENUE,,,,SHELTON,CT,06484,US,,,
20180101270,GEXPRO SERVICES,1000 BRIDGEPORT AVENUE,,,,SHELTON,CT,06484,US,,,
20180101271,DELTA POWER EQUIPMENT,"1924 PEARMAM DAIRY ROAD, SUITE D",ANDERSON SC 29626 US,,,,,,,,,
20180101272,GEXPRO SERVICES,1000 BRIDGEPORT AVENUE,,,,SHELTON,CT,06484,US,,,
20180101273,GEXPRO SERVICES,1000 BRIDGEPORT AVENUE,,,,SHELTON,CT,06484,US,,,
20180101274,"PEGASUS INTERNATIONAL, INC. (NVOCC)","1100 JORIE BLVD, SUITE 240",OAK BROOK IL 60523 UNITED STATES,,,,,,,,,
20180101275,BNS SHIPPING INC.,.,179-22 149TH ROAD JAMAICA NY 11434,US,,,,,,,,
20180101276,"BULLET LINE,LLC","6301 E 10TH AVE,",,,,HIALEAH,FL,33013,US,,,
20180101277,"BDP TRANSPORT, INC","510 WALNUT STREET PHILADELPHIA,",PA19106 TEL:215 629 8900 FAX:215,629 8940,,,,,,,,
20180101278,AMERICAN CARGO EXPRESS INC. -,ATLANTA,"170 PENNEY ROAD, SUITE A","FOREST PARK, GA 30297",TEL:404 684 0000 FAX:404-684 0021,,,,,,,
20180101279,TO ORDER ETG COMMODITIES INC,6220 SHAWSON DR,L5T 1J8 MISSISSAUGA,CANADA,,20-122130598 TEL,EX,20-54280,83,,,
20180101280,MENEX D.O.O.,TRG DESPOTA STEFANA 24,KRUSEVAC-SERBIA,VAT 100323079,,381-951999161,,,,,,
20180101282,DYNA LOGISTICS,19516 SUSANA ROAD,RANCHO DOMINGUEZ CA 90221 UNITED ST,,,,,,,,,
20180101283,C&A HOME IMPROVEMENT INC.,"10 WOORUFF OAKS LN, GREENVILLE SC",29607 UNITED STATES,,,,,,,,,
20180101284,"BADCOCK ECONOMY FURNITURE STORES,",INC 3931 RCA BLVD SUITE 3122,PALM BEACH GARDENS FL 33410 USA,,,,,,,,,
20180101285,MOUNTAIN GROUP INC,6600 HIGH RIDGE RD,BOYNTON BEACH FL 33426,,,,,,,,,
20180101286,DAVID FRANCIS FURNITURE,3990 US HIGHWAY 1,,,,VERO BEACH,FL,32960,US,,Telephone Number,+18889055678
20180101287,ATOSA CATERING EQUIPMENT INC-FL,"9201 KING PALM DRIVE,SUITE ATAMPA,",FLORIDA 33619,,,,,,,,,
20180101288,HIGH LINER FOODS INC.,1 HIGH LINER AVENUE,"PORTSMOUTH,NH 03801,US",,,,,,,,,
20180101289,THE SAFETY ZONE LLC,385 LONG HILL ROAD,"GUILFORD CT,06437 USA",,,,,,,,,
20180101290,HIGH LINER FOODS INC.,1 HIGH LINER AVENUE,"PORTSMOUTH,NH 03801,US",,,,,,,,,
20180101291,"TRANSINDO USA, INC.","355 SOUTH LEMON AVENUE, SUITE E","WALNUT, CA 91789",USA,,,,,,,,
20180101292,MASTER HALCO INC,3010 LBJ FWY,"SUITE 800 DALLAS, TX 75234",,,,,,,,,
20180101293,"TRANSINDO USA, INC.","355 SOUTH LEMON AVENUE, SUITE E","WALNUT, CA 91789",USA,,,,,,,,
20180101294,MASTER PRODUCTS CORP,CARRETERA NO.2 KM 20.6 BARRIO,CANDELARIO TOA BAJA PR 00949,,,PUERTO RICO,,,US,,,
20180101296,THE SAFETY ZONE LLC,385 LONG HILL RD,"GUILFORD, CT 06437",,,,,,,,,
20180101297,AVANTI PRODUCTS,"10880 NW 30TH STREET, MIAMI, FL","33172, USA","ATTN: GISELLE DRESDA, PHONE (305)",592-7830,,,,,,,
20180101298,TA CHEN INTERNATIONAL INC.,"5855 OBISPO AVENUE LONG BEACH, CA 9","LONG BEACH,CA,90805,US",,,,,,,,,
20180101299,"UNIVERSAL SHIPPING, INC.",10395 NOBEL COURT,JURUPA VALLEY CA 91752,UNITED STATES,,,,,,,Telephone Number,6282226 6282221
20180101300,SUPERIOR SUSTAINABILITY,"P.O.BOX 9601 DEERIELD BEACH,FL3344",2 9601 USA,,,,,,,,,
20180101301,FASTGROW LOGISTICS AMERICA INC.,17870 CASTLETON ST. SUITE 338,INDUSTRY PA 91748 UNITED STATES,,,,,,,,,
20180101302,"CENTRANS MARINE SHIPPING, INC.","6161 SAVOY DR, SUITE 300",HOUSTON TX 77036 UNITED STATES,,,,,,,,,
20180101303,TOPOCEAN CONSOLIDATION SERVICE (LAX,2727 WORKMAN MILL ROAD,CITY OF INDUSTRY CA 90601 UNITED ST,,,,,,,,,
20180101304,HORTISOL USA CORP DBA CANNA CONTINE,11400 W OLYMPIC BLVD,,,,LOS ANGELES,CA,90064,US,,,
20180101305,MEDIMEXICO S DE R L DE C V,AV VALLE IMPERIAL 10523,22180 TIJUANA,0,,MEXICO,,22180,MX,,,
20180101306,FURNITURE CREATRIONS INC.,7426 CHERRY AVE SUITE 210 PMB 509,"FONTANA,CA,92336,US",,,,,,,,,
20180101307,"CHEMLAND INTERNATIONAL,INC.",7457 HARWIN DR.SUITE#300 HOUSTON,TEXAS 77036 USA,,,,,,,,,
20180101308,"CHEMLAND INTERNATIONAL,INC.",7457 HARWIN DR.SUITE#300 HOUSTON,TEXAS 77036 USA,,,,,,,,,
20180101309,STARLINK FREIGHT SYSTEM SFO INC,"206 UTAH AVE SOUTH SAN FRANCISCO,",CA 94080,ATTN STARLINK OID VINH TRAN,,,,,,,Telephone Number,EMAIL STARLINKOID@APEXSHIPPING. #
20180101310,DUNLAP & KYLE CO INC,280 EUREKA STREET BATESVILLE,MS 38606,,,,,,,,,
20180101311,DUNLAP & KYLE CO INC,280 EUREKA STREET BATESVILLE,MS 38606,,,,,,,,,
20180101312,HECNY TRANSPORTATION INC (LAX),"19550 S. DOMINGUEZ HILLS DRIVE,","RANCHO DOMINGUEZ, CA 90220.",TEL: 562-616-7888 FAX: 562-616-7895,,,,,,,Telephone Number,LAX`DCENTER HECNYUSA.COM
20180101313,BRILLIANT GROUP LOGISTICS CORP.,159 N.CENTRAL AVENUE,"VALLEY STREAM, NY 11580",T:516-599-2406 - F:516-599-0528,ATTN : MR. JIMMY YU,,,,,,,
20180101314,ORIENT EXPRESS CONTAINER CO LTD,"133-33 BROOKVILLE BLVD, SUITE 306",ROSEDALE NY 11422 UNITED STATES,,,,,,,,,
20180101315,STONE CENTER INC,1325 OAKBOARD DRIVE SUITE C,NORCROSS GA 30093,USA,,,,,,,,
20180101316,PKD LOGISTICS,"5604 WENDY BAGWELL PARKWAY,","SUITE NO 223 HIRAM,GEORGIA-30141",TEL 6789674444 FAX 7706357621,,,,,,,,
20180101317,PKD LOGISTICS,"5604 WENDY BAGWELL PARKWAY,","SUITE NO 223 HIRAM,GEORGIA-30141",TEL 6789674444 FAX 7706357621,,,,,,,,
20180101318,NUTRIFRESH WEST LTD,"7503, 35TH STREET, BAY 11",CALGARY AB T2C 1V3,CANADA,,,,,,,,
20180101319,EASY STONES,5965 PEACHTREE CORNERS EAST,SUITE A5,"NORCROSS, GA 30071 US",,,,,,,,
20180101320,NEW PRIDE CORPORATION,"2757 EAST DEL AMO BLVD., SUITE 705","RANCHO DOMINGUEZ, CA 90221",USA TEL: (310) 631-7000,JEANIE YOO,,,,,,,
20180101321,NEW PRIDE CORPORATION,"2757 EAST DEL AMO BLVD., SUITE 705","RANCHO DOMINGUEZ, CA 90221",USA TEL: (310) 631-7000,JEANIE YOO,,,,,,,
20180101323,K & M TIRE,965 SPENCERVILLE RD,DELPHOS OH 45833US,DELPHOS OH45833 US,,,,,,,,
20180101324,JK INTERNATIONAL INC.,SUITE 201 6750 LENOX CENTER COURT,MEMPHIS TN 38115,UNITED STATES,,,,,,,Telephone Number,7263229
20180101325,JK INTERNATIONAL INC.,SUITE 201 6750 LENOX CENTER COURT,MEMPHIS TN 38115,UNITED STATES,,,,,,,Telephone Number,7263229
20180101327,ALLIED FITTING L.P.,7200 MYKAWA ROAD,HOUSTON TX 77033 US,,,,,,,,,
20180101328,HORTISOL USA CORP DBA CANNA CONTINE,11400 W OLYMPIC BLVD,,,,LOS ANGELES,CA,90064,US,,,
20180101329,ALLIED FITTING L.P.,7200 MYKAWA ROAD,HOUSTON TX 77033 US,,,,,,,,,
20180101330,DJS INTERNATIONAL FREIGHT,FORWARDERS,"4215 GATEWAY DRIVE, SUITE-100",COLLEYVILLE TX 76034,EMAIL JR.GUAJARDODJSINTL.COM,,,,,,,
20180101331,"RADIUS INTERNATIONAL,INC","150 EASTERN AVE SUITE 250 CHELSEA,",MA 02150 USA TAX ID 26-0176739,ATTN TAYLOR MARTON,T 1-617-561-1300F 1-617-561-0425,,,,,,,
20180101332,TRW AUTOMOTIVE WORLD HEADQUARTERS,12001 TECH CENTER DRIVE,,,,LIVONIA,MI,48150,US,,Telephone Number,+17348552600
20180101333,FORMATION STONE,1991 FAIRWAY DRIVE,"SAN LEANDRO, CA 94577 US",,,,,,,,,
20180101335,UNTO THE ORDER OF BANK ALFALAH LIM,"GULSHAN BRACH,168 GULSHAN AVENUE,","DHAKA-1212,BANGLADESH",DHAKA,,,,,,,,
20180101336,PAPELERA SAN RAFAEL D.L. SA DE CV,CAMELIA NO.2017 COL.LEON DE LOS ALD,AMAS CENTRO COL,"LEO, GUANAJUATO C P 3700 MX",,,,,,,,
20180101337,FASTGROW LOGISTICS AMERICA INC.,17870 CASTLETON ST. SUITE 338,INDUSTRY PA 91748 UNITED STATES,,,,,,,,,
20180101338,DAHNAY LOGISTICS USA INC,"#1 CRAGWOOD ROAD, SUITE 305A,","SOUTH PLAINFIELD,NJ-07080,USA",TEL 908-315-1500,,,,,,,Telephone Number,USA.OPS@DAHNAYLOGISTICS.COM
20180101339,TUBE AND SOLIID TIIRE LTD,"5100 KAEPA COURT,,","SAN ANTONIIO,, TX 78218",US,,,,,,,,
20180101340,EXPEDITORS INTL OF WA INC,506 E. DALLAS RD,SUITE 400,GRAPEVINE TX 76051,,1-8173054000 TEL,EX,1-817421,10,,,
20180101341,BLUESTEM BRANDS INC,7075 FLYING CLOUD DRIVE EDEN,,,,PRAIRIE,MN,55344,US,0000,Telephone Number,0000
20180101344,JAS FORWARDING (USA) INC,"4900 ST JOE BOULEVARD, BUILDING",100SUITE 400,COLLEGE PARK GA 30337,,1-4049426200 TEL,EX,1-404942,62,,,
20180101345,TO THE ORDER OF,BANK AL-HABIB LTD.,NORTH KARACHI INDUSTRIAL AREA BRANC,FORM E NO: AHB-2017-0000099462,,1-4057871982 TEL,EX,1-405787,13,,,
20180101346,MICAL SEAFOOD INC,10400 GRIFFIN RD,"COOPER CITY,FL 33328-3322",ATTN: MR.ALEX BOUMER,TEL NO: +1 954 935 0133,,,,,,,
20180101347,"TRANSINDO USA, INC.","355 SOUTH LEMON AVENUE, SUITE E","WALNUT, CA 91789",USA,,,,,,,,
20180101348,WORKSMAN TRADING CORPORATION,94-15 100TH STREET,,"OZONE PARK, NY, 11416",,OZONE PARK,NY,11416,US,,,
20180101349,OEC SHIPPING LOS ANGELES INC,"13100 ALONDRA BLVD, SUITE 100",CERRITOS CA 90703,UNITED STATES,,,,,,,Telephone Number,EMAIL: ALL.LAX OECGROUP.COM
20180101350,NADEAU CORPORATION,1633 STANFORD ST.,SANTA MONICA CA 90404,USA,,,,,,,,
20180101351,VASINEE FOOD CORPORATION,"1247 GRAND STREET,",BROOKLYN,"NY,11211,US",,,,,,,,
20180101352,PANACHE HOME INC,911 OAK TREE AVENUE,SOUTH PLAINFIELD NJ 07080,USA,,,,,,,,
20180101353,ATOSA CATERING EQUIPMENT INC-FL,"9201 KING PALM DRIVE,SUITE ATAMPA,",FLORIDA 33619,,,,,,,,,
20180101354,"SERCK SERVICES, INC",5569 PEARL ST,DENVER CO 80216 US,,,,,,,,,
20180101355,HOMELEGANCE BY S&A IMPORTS,"10999 ROCKET BLVD., ORLANDO FL",UNITED STATES 32824,,,,,,,,,
20180101357,TOPOCEAN CONSOLIDATION SERVICE (LAX,2727 WORKMAN MILL ROAD,CITY OF INDUSTRY CA 90601 UNITED ST,,,,,,,,,
20180101358,"SINO PACIFIC CUSTOMS BROKERAGE, INC",SUITE 2C 170 DUANE STREET,NEW YORK NY 10013,UNITED STATES,,,,,,,Telephone Number,9253886 9255404
20180101359,"WERNER GLOBAL LOGISTICS U.S., LLC",14507 FRONTIER ROAD OMAHA,NE 68138 US KAYLEE CORNICK,TEL:402-895-6640 EXT.2281 FAX:,402-894-3760. KCORNICK@WERNER.COM,,,,,,,
20180101360,KION NORTH AMERICA CORPORATION,2450 WEST 5TH NORTH STREET,SUMMERVILLE USA,SC 29483 US,,,,,,,,
20180101361,"LMD LOGISTICS, INC. DBA VANDEGRIFT","100 WALNUT AVE., SUITE 600",CLARK NJ,UNITED STATES,,,,,,,Telephone Number,9159895 9159895
20180101362,"APEX MARITIME CO., INC.",.,206 UTAH AVE SOUTH SAN FRANCISCO CA,94080 US,,,,,,,,
20180101363,LINGLONG AMERICAS INC.,1484 MEDINA ROAD SUITE 118,"OHIO,MEDINA,44256,US",,,,,,,,,
20180101364,"JEAN DUNCAN CUSTOM BROKERS, INC",510 PLAZA DRIVE SUITE 1200,PO BOX 20696/ ATLANTA AIRPORT,"ATLANTA, GA 30320",CONTACT ELLEN CHANCE,,,,,,,
20180101365,AMERICAN GLOBAL LOGISTICS LLC,3399 PEACHTREE ROAD NE,"SUITE 1130 ATLANTA, GA 30326 USA",TEL : 866-285-9610 FAX : 678-298-83,,1-8662859610 TEL,EX,1-678298,83,,,
20180101366,EXPEDITORS INTL OF WA INC,506 E. DALLAS RD,SUITE 400,GRAPEVINE TX 76051,,1-8173054000 TEL,EX,1-817421,10,,,
20180101367,AMERICAN OMNI TRADING,15354 PARK ROW,"HOUSTON,TX 77084 USA",,,,,,,,,
20180101369,EXPEDITORS INTERNATIONAL OF WASHING,300 TRADEPORT DRIVE,ATLANTA GA 30354,UNITED STATES,,,,,,,Telephone Number,9945154 9945154
20180101370,GE LIGHTING,1520 LAUDERDALE MEMORIAL,HIGHWAY N.W.,"CHARLESTON, TN",,,,,,,,
20180101371,"MICHELIN NORTH AMERICA, INC",ONE PARKWAY SOUTH,"GREENVILLE, SC 29602 - 9001, USA",TEL 864 458 6037 FAX 864 458 5531,,,,,,,Telephone Number,EMAIL DIANA.MABRY@US.MICHELIN.COM
20180101372,TBC CORP,4300 TCB WAY,"PALM BEACH GARDENS, FL 33410",,,,,,,,,
20180101373,"MICHELIN NORTH AMERICA, INC",ONE PARKWAY SOUTH,"GREENVILLE, SC 29602 - 9001, USA",TEL 864 458 6037 FAX 864 458 5531,,,,,,,Telephone Number,EMAIL DIANA.MABRY@US.MICHELIN.COM
20180101374,"MICHELIN NORTH AMERICA, INC",ONE PARKWAY SOUTH,"GREENVILLE, SC 29602 - 9001, USA",TEL 864 458 6037 FAX 864 458 5531,,,,,,,Telephone Number,EMAIL DIANA.MABRY@US.MICHELIN.COM
20180101375,DNA MOTORING,801 SENTOUS AVENUE,CITY OF INDUSTRY CA 91748,UNITED STATES,,,,,,,Telephone Number,9658898
20180101376,CENTROTRADE MINERALS AND METALS,DBA CENTROTRADE RUBBER,1317 EXECUTIVE BLVD SUITE 120,CHESAPEAKE VA 23320,CHESAPEAKE VA 23320 US,,,,,,,
20180101378,NORTHERN TOOL AND EQUIPMENT,COMPANY INC.,"1850 BANKS ROAD FORT MILL,",SOUTH CAROLINA 29715,TEL: 803-802-4169,,,,,,,
20180101380,"BRIGGS PLUMBING PRODUCTS, LLC",597 OLD MT.HOLLY ROAD SUITE 201,"GOOSE CREEK, SC 29445",TEL: +886-4-24268888,FAX:+886-4-24268899,,,,,,,
20180101383,"NORCA INDUSTRIAL COMPANY, LLC","ONE HOLLOW LANE, SUITE 200,","LAKE SUCCESS, NY 11042, USA",,,,,,,,,
20180101384,ENCORE SHIPPING INC,125 E LAKE ST SUITE 204,BLOOMINGDALE IL 60108,PH 630 893 8700 FAX 630 893 878787,,,,,,,,
20180101385,WARREN ALLOY VALVE & FITTING CO LP,4750 KINGSTON STREET,ALLIED FITTING L.P,DENVER CO 80239,USA,,,,,,,
20180101388,STONE SHOWCASE INC,1785 ENTERPRISES DR STE B & C,BUFORD GA 30518,USA,,,,,,,,
20180101389,PKD LOGISTICS,"5604 WENDY BAGWELL PARKWAY,","SUITE NO 223 HIRAM,GEORGIA-30141",TEL 6789674444 FAX 7706357621,,,,,,,,
20180101390,CESCO INC,7251 CROSS COUNTY RD,,,,NORTH CHARLESTON,SC,29418,US,,Telephone Number,+18437603000
20180101393,CV INTERNATIONAL INC.,1128 WEST OLNEY ROAD,"NORFOLK, VA 23507",TEL: 757-466-1170 FAX: 757-466-1823,,,,,,,,
20180101394,HECNY TRANSPORTATION INC.,19550 S. DOMINGUEZ HILLS DR.,RANCHO DOMINGUEZ CA 90220 UNITED ST,,,,,,,,,
20180101396,GARY STANNER SALES INC,147 WEST 35TH STREET ROOM # 206,NEW YORK NY 10011 USA,,,,,,,,,
20180101397,LANDEN STRAPPING CORPORATION,"640 S. 6TH AVENUE HOPEWELL,",VA 23860 USA,,,,,,,,,
20180101398,KISWIRE TRADING INC.,3890 STEVE REYNOLDS BLVD.,NORCROSS GA 30093,USA,,,,,,,,
20180101399,"PUBLIX SUPER MARKETS, INC",3300 PUBLIX CORPORATE PARKWAY,"LAKELAND, FLORIDA, 33811",UNITED STATES,USA,,,,,,,
20180101400,"MCL-MULTI CONTAINER LINE, INC D.B.A",CARGOLINE,"2711 CENTERVILLE ROAD, STE 300,","PMB 335 WILMINGTON, DE - 19808 UNIT",TEL_ 786-280-0447 FAX_ 305-263-2332,,,,,,,
20180101401,TRANSPAC USA INC.,1515 WOODFIELD ROAD,SUITE 340,SCHAUMBURG IL 60173,USA,,,,,,,
20180101402,SLABCO INT'L MARBLE & GRANITE INC,1821 LEXINGTON HIGHWAY,ELBERTON GA 30635,USA,,,,,,,,
20180101403,NEWLIFE MAGNETICS LLC,3440,NORTH BEND CIRCLE,TENNESSEE 37701,USA,,,,,,,
20180101409,CCTF CORPORATION,5407-53 RD AVENUE NW,EDMONTON AB T6B 3G2,CANADA,,,,,,,,
20180101410,NFI GLOBAL,"1515 BURNT MILL RD CHERRY HILL, NJ",08003 USA TEL: 856-470-7804 E-MAIL:,ARRIVALS NFIINDUSTRIES.COM,,,,,,,,
20180101411,HOME FURNITURE CO. OF LAFAYETTE INC,C/O CROWN MARK INC,10881 S. SAM HOUSTON PARKWAY W.,"HOUSTON, TX 77031",,,,,,,Telephone Number,CONTACT: ANGELA MA AT CROWN MARK
20180101412,PANALPINA INC.-BSC CHARLESTON,"207 EAST BAY ST.,SUITE 209","CHARLESTON,SC 29401",AS AGENT FOR AND ON BEHALF OF,,,,,,,Telephone Number,PANTAINER(HK) LTD.
20180101415,"""UNTO ORDER"" PNC BANK NA, 2 TOWER","CENTRE BLVD., 9TH FLOOR, MAIL STOP","NUMBER J3-JTTC-09-B,EAST BRUNSWICK,","NJ 08816-1199.TEL:732-220-775,FAX:8",,1-9099837944 TEL,EX,1-609758,65,,,
20180101416,AGILITY LOGISTICS CORP.,230-59 INTERNATIONAL AIRPORT CENTER,JAMAICA/QUEENS NY 11413 UNITED STAT,,,,,,,,,
20180101417,AGILITY LOGISTICS CORP.,230-59 INTERNATIONAL AIRPORT CENTER,JAMAICA/QUEENS NY 11413 UNITED STAT,,,,,,,,,
20180101419,"OK CONTAINER SALES,INC","2707 E.VALLEY BLVD.,STE305,",WEST COVINA CA 91792 UNITED STATES,,,,,,,,,
20180101421,"RISING PHARMACEUTICALS INC.,","4580 S.MENDENHALL ROAD,",MEMPHIS,TN 38141 UNITED STATES,,,,,,,,
20180101422,"RISING PHARMACEUTICALS INC.,","4580 S.MENDENHALL ROAD,",MEMPHIS,TN 38141 UNITED STATES,,,,,,,,
20180101423,GULBRANDSEN PUERTO RICO,ROAD # 2 KM 25.2 BO. ESPINOSA,SAN JUAN,PR 00646 UNITED STATES,,,,,,,,
20180101424,AIRLIFT USA INC,11099 S.LA CIENEGA BLVD,"LOS ANGELES,",CA 90045 USA,,,,,,,,
20180101425,STARBUCKS COFFEE TRADING COMPANY,JOINTLY AND SEVERALLY WITH,"2401 UTAH AVE SOUTH SEATTLE, WA SEA",TTLE WA 98134 US,,,,,,,,
20180101427,"TOSOH SPECIALTY CHEMICALS USA, INC",1720 WINDWARD CONCOURSE SUITE 125,,,,ALPHARETTA,GA,30005,US,,,
20180101428,YUSEN LOGISTICS (AMERICAS) INC.,.,691 AIRPORT SOUTH PARKWAY COLLEGE,"PARK, GA - 30349 UNITED STATES",,,,,,,,
20180101429,"NESTOR REYES, INC.",MERCANTIL PLAZA BUILDING,#2 PONCE DE LEON AVE.,SUITE 501,,1-7872896465 TEL,EX,1-787289,64,,,
20180101430,"TOSOH SPECIALTY CHEMICALS USA, INC",1720 WINDWARD CONCOURSE SUITE 125,,,,ALPHARETTA,GA,30005,US,,,
20180101431,"TOSOH SPECIALTY CHEMICALS USA, INC",1720 WINDWARD CONCOURSE SUITE 125,,,,ALPHARETTA,GA,30005,US,,,
20180101432,"TOSOH SPECIALTY CHEMICALS USA, INC",1720 WINDWARD CONCOURSE SUITE 125,,,,ALPHARETTA,GA,30005,US,,,
20180101434,LF LOGISTICS USA LLC CHI,"1200 N. ARLINGTON HEIGHTS ROAD, SUI",ITASCA IL 60106 UNITED STATES,,,,,,,,,
20180101436,HOSEPOWER USA,50 INDUSTRIAL LOOP N,ORANGE PARK FL 32073 US,,,,,,,,,
20180101437,CHUNG HUA STONE KITCHEN INC,134-02 32 AVE,FLUSHING NY 11354,USA,,,,,,,,
20180101438,MARVOLUS MANUFACTURING CO,"220 NORTH WASHTENAW AVE,CHICAGO,IL","60612,",USA,,,,,,,,
20180101439,"FEHR BROS. INDUSTRIES, INC.","895 KINGS HIGHWAY,","SAUGERTIES, NY 12477 U.S.A.",SAUGERTIES NY,USA,,,,,,,
20180101441,DYMAK USA INC.,"1350 SOUTH SHEELER AVE.APOPKA, FL 3",2703,,,,,,,,,
20180101447,"TOSOH SPECIALTY CHEMICALS USA, INC",1720 WINDWARD CONCOURSE SUITE 125,,,,ALPHARETTA,GA,30005,US,,,
20180101448,WELLTON EXPRESS INC.,146-10 ROCKAWAY BLVD,"JAMAICA,NY 11436",JAMAICA NY,USA,,,,,,,
20180101449,"CHALLENGER OF AMERICA,INC.,","2200 N.COMMERCE PARKWAY,SUITE #200,","WESTON,FL 33326,USA.",,,,,,,,,
20180101452,"NIVEL PARTS & MANUFACTURING CO.,LLC",3510-1 PORT JACKSONVILLE PWY,"JACKSONVILLE,FL 32226 TEL:(904)",421-,,,,,,,,
20180101453,STAR ASIA INTERNATIONAL INC.,"208 CHURCH STREET DECATUR,",GA30030-3328 U.S.A.,TEL 404-7616900 FAX 404-7612999,E-MAIL ATTACHSTAR-TRACK.COM,,,,,,,
20180101455,LTL HOME PRODUCTS,"125 ROUTE 61, SCHUYLKILL HAVEN,","PA 17972, USA",TEL:570-3855470,,,,,,,,
20180101456,SDP ADVANCED POLYMER PRODUCTS,C O TEXAS STAR WAREHOUE 5200,EAST GRAND AVENUE,DALLAS TX 75223,DALLASTX75223 US,,,,,,,
20180101457,AGY HOLDING CORP,2558 WAGENER RD,"AIKEN 29801 SC, U.S.A.",,,,,,,,,
20180101458,HUMBER MOTORS FORD,P.O BOX 698 45 CONFEDERATION DRIVE,,,,CORNER BROOK,,,CA,,,
20180101459,"BARR DISPLAY COMPANY LLC,",DBA BARR DISPLAY,,3033 MERCY DRIVE,,ORLANDO,FL,32808,US,,Telephone Number,+18002222702
20180101459,"BARR DISPLAY COMPANY LLC,",DBA BARR DISPLAY,,3033 MERCY DRIVE,,ORLANDO,FL,32808,US,,Facsimile Number,+14072970494
20180101460,EXPEDITORS INTERNATIONAL OF WASHING,SUITE 310 2265 CLEMENTS FERRY ROAD,CHARLESTON SC 29492,UNITED STATES,,,,,,,Telephone Number,7444071 7444071
20180101462,CYPRESS MEDICAL PRODUCTS LLC,"9954 MAYLAND DRIVE, SUITE 4000",RICHMOND VA 23233 US,,,,,,,,,
20180101463,WORLDBRIDGE LOGISTICS,22 CENTURY BLVD SUITE 510,NASHVILLE TN 37214 UNITED STATES,,,,,,,,,
20180101464,KALSEC,3713 WEST MAIN STREET DOCK 70.,KALAMAZOO MI 49005 US,,,,,,,,,
20180101465,"CEVA FREIGHT, LLC",1717 BUSSE ROAD,ELK GROVE VILLAGE IL 60007,UNITED STATES,,,,,,,Telephone Number,2503108 2503108
20180101466,FOX CHAPEL PUBLISHING CO. INC,1970 BROAD STREET,,,,EAST PETERSBURG,PA,17520,US,,,
20180101468,MERCEDES MEDICAL LLC,7590 COMMERCE CT,SARASOTA FL 34243 US,,,,,,,,,
20180101470,EXPEDITORS INTERNATIONAL OF WASHING,SUITE 2400 3101 YORKMONT ROAD,CHARLOTTE NC 28208,UNITED STATES,,,,,,,Telephone Number,3290508 3295386
20180101472,KAL TIRE,#1-26308 TOWNSHIP ROAD 531A,,,,ACHESON,AB,T7X5A3,CA,,,
20180101474,"BLUE OCEAN TRADERS,INC",1455 SOUTH 7TH STREET,LOUISVILLE KY 40208 US,LOUISVILLE KY40208 US,,,,,,,,
20180101475,STONE SHOWCASE INC,1785 ENTERPRISES DR STE B & C,BUFORD GA 30518,USA,,,,,,,,
20180101476,PKD LOGISTICS,"5604 WENDY BAGWELL PARKWAY,","SUITE NO 223 HIRAM,GEORGIA-30141",TEL 6789674444 FAX 7706357621,,,,,,,,
20180101482,FLUX MARINE INTERNATIONAL LTD.,TRIDENT CHAMBERS PO BOX 146,TORTOLA ROAD TOWN,"VIRGIN ISLANDS, BRITISH",,,,,,,,
20180101483,REFLECTING WATERS CORP.,"3411 SILVERSIDE ROAD, TATNALL BUILD",WILMINGTON DELAWARE 19810,USA,,,,,,,,
20180101484,ECHO MARINE VENTURES LLC,"3411 SILVERSIDE ROAD, RODNEY BUILDI",DE 19810 WILMINGTON,USA,,,,,,,,
20180101485,OLIVE DEVELOPMENTS LLC,760 MASTHA DRIVE KEY BISCAYNE,MIAMI FL 33149,USA,,,,,,,,
20180101486,SMOOTH SEAS INC.,"3411 SILVERSIDE ROAD, TATNALL BUILD",DELAWARE 19810 WILMINGTON,USA,,,,,,,,
20180101487,SWAN MARINE VENTURES LTD.,O'NEAL MARKETING ASSOCIATES BUILDIN,PO BOX 4493 ROAD TOWN TORTOLA,"VIRGIN ISLANDS, BRITISH",,,,,,,,
20180101488,THE GREATEST BOAT INC.,"3411 SILVERSIDE ROAD, TATNALL BUILD",DELAWARE 19810 WILMINGTON,USA,,,,,,,,
20180101489,HECNY TRANSPORTATION INC.,19550 S. DOMINGUEZ HILLS DR.,RANCHO DOMINGUEZ CA 90220 UNITED ST,,,,,,,,,
20180101492,SEA CORP LLC,1413 20TH STREET,33139 FL MIAMI BEACH,USA,,,,,,,,
20180101493,"UNITED CARGO MANAGEMENT, INC.","878 WHIPPLE ROAD, SUITE 200","MT. PLEASANT, SC 29464",O: 843.856.1833,,1-8438561833 TEL,EX,1-843856,18,,,
20180101494,AIRLIFT (USA) INC,"988 SHOPPES BOULEVARD,","NORTH BRUNSWICK, NEW","JERSEY, NJ 08902",,1-7326500335 TEL,EX,1-732650,03,,,
20180101495,"JAS FORWARDING (USA), INC. |",CHICAGO OFFICE,1759 LINNEMAN ROAD,"MOUNT PROSPECT, IL 60056",T +1 (847) 725-1000,,,,,,,
20180101496,LOTTE GLOBAL LOGISTICS (USA) INC.,11135 KNOTT AVE. SUITE E&F CYP,CA 90630,,,CA 90630,CA,90630,US,,,
20180101497,GOLDSTAR GLOBAL LOGISTIC.LLC,"99 W.HAWTHORNE AVENUE SUITE 302,","VALLEY STREAM,NY 11580",TEL 516.561.2220,,,,,,,,
20180101498,EASTWAY LOGISTICS USA LLC,"21720 W. LONG GROVE ROAD, SUITE C-2",DEER PARK IL 60010 UNITED STATES,,,,,,,,,
20180101500,DSV AIR & SEA INC DBA DSV,OCEAN TRANSPORT(ORLANDO),"5950 HAZELTINE NATIONAL DR,",SUITE 690 ORLANDO FL 32822,UNITED STATESXX,,,,,,,
20180101501,T.V.S GRANITE,15511 HWY 6,ROSHARON TX 77583 US,,,,,,,,,
20180101502,"UNITED CARGO MANAGEMENT,INC.","19401 SOUTH MAIN ST.,SUITE 202","GARDENA CA,90248",,,"GARDENA CA,90248",CA,90248,US,,,
20180101503,XPO GLOBAL FORWARDING INC,.,5742 S. SEMORAN BLVD ORLANDO FL 328,22 US,,,,,,,,
20180101504,VOGT POWER INTERNATIONAL,13551 TRITON PARK BLVD SUITE 2000,"LOUISVILLE, KENTUCKY","USA, 40223",,,,,,,,
20180101505,VOGT POWER INTERNATIONAL,13551 TRITON PARK BLVD SUITE 2000,"LOUISVILLE, KENTUCKY","USA, 40223",,,,,,,,
20180101506,VOGT POWER INTERNATIONAL,13551 TRITON PARK BLVD SUITE 2000,"LOUISVILLE, KENTUCKY","USA, 40223",,,,,,,,
20180101507,PANALPINA INC.-CHS BSC,"207 EAST BAY ST.CHARLESTON,SC 29401",MAIL ADDRESS:IMPORT.FCL-USA@,PANALPINA.COM.AS AGENTS FOR AND ON,,1-3033714489 TEL,EX,1-303371,46,,,
20180101508,DYNA LOGISTICS,19516 SUSANA ROAD,RANCHO DOMINGUEZ CA 90221 UNITED ST,,,,,,,,,
20180101509,IKEA SUPPLY AG,C/O IKEA DISTRIBUTION SERVICES,202 LITTLE HEARST PARKWAY,"PORT WENTWORTH, GEORGIA 31407-",,1-6092611220 TEL,EX,1-609265,84,,,
20180101510,"FREIGHT CARGO LOGISTICS, INC.",47 TAMARACK CIRCLE,"SKILLMAN, NJ 08558",PHONE 609-688-0052,,,,,,,Telephone Number,FAX 609-688-8662
20180101511,BLU LOGISTICS,BLU GREENSBORO- 1155-10 REVOLUTION,MILL DR- GREENSBORO NC VA 27405,UNITED STATES,,,,,,,,
20180101513,OZARK MATERIALS LLC,"552 OLIVER ROAD; MONTGOMERY, AL,",U.S.,MONTGOMERY AL 36037,USA,,,,,,,
20180101514,OZARK MATERIALS LLC,"552 OLIVER ROAD; MONTGOMERY, AL,",U.S.,MONTGOMERY AL 36037,USA,,,,,,,
20180101515,GABBY HOME,ATTN : WILLIAM WHITE,3140 PELHAM PARKWAY,"PELHAM, AL 35124 USA",,,,,,,,
20180101516,GABBY HOME,ATTN : WILLIAM WHITE,3140 PELHAM PARKWAY,"PELHAM, AL 35124 USA",,,,,,,,
20180101517,SPA NAILS SUPPLY INC,2113 S DIVISION AVE ORLANDO,"ORLANDO, FL 32805 US",,,,,,,,,
20180101518,O.E.C. SHIPPING LOS ANGELES INC.,"13100 ALONDRA BLVD,SUITE 100","CERRITOS, CA 90703 TEL 562 926",7186 FAX 562 926 7183,CERRITOS CA,,,,,,,
20180101519,KION NORTH AMERICA CORPORATION,2450 WEST 5TH NORTH STREET,SUMMERVILLE USA,SC 29483 US,,,,,,,,
20180101520,DHL GLOBAL FORWARDING (BRAZIL),"LTDA, CNPJ: 10.228.777/0001-61",RUA CARNEIRO LOBO 468 SL 302,,,BRAZIL,SP,04705-000,BR,,,
20180101521,HAN FENG INC.,6001-A WEST MARKET STREET,GREENSBORO NC UNITED STATES 27409,,,,,,,,,
20180101522,NATIONAL STONEWORKS LLC,3200 MERIDIAN PKWY,,,,WESTON,FL,33331,US,,Telephone Number,+19543491609
20180101523,"SHALOM INTERNATIONAL CORP.,","8 NICHOLAS COURT, SUITE B","DAYTON, NJ 08810",,,,,,,,,
20180101524,STARLINK FREIGHT SYSTEM SFO INC.,206 UTAH AVE,"SOUTH SAN FRANCISCO,CA 94080 UNITED",STATES,,,,,,,,
20180101526,LAGUNITAS BREWING COMPANY,1280 N MCDOWELL BLVD,"PETALUMA, CA 949954",USA,,,,,,,,
20180101528,TIRECO INC.,"500 W 190TH ST. GARDENA,CA 90248-42",65 TEL: (310) 767-7990 FAX: (310) 2,17-9267,,,,,,,,
20180101529,LOTTE ADVANCED MATERIALS USA INC,6 CENTERPOINTE DR SUITE 100,LA PALMA CA 90623 USA,,,,,,,,Telephone Number,714 443 0966
20180101533,TECHBOARD USA LLC,"TECHBOARD USA, 7509 NW 36TH STREET,","MIAMI, FL, 33166,",,,MIAMI,FL,33166,US,.,Telephone Number,.
20180101534,MR ROBERT BAPTISTE,"ST.GEORGES,GRENADA WI",,,,ST.GEORGES,,,GD,.,Telephone Number,473-405-5808
20180101535,MAKIN MOVES,"1ST AVENUE ARTHUR S LAND,TWEEDSIDE","ROAD,ST.MICHAEL,BARBADOS",,,ST.MICHAEL,,,BB,.,Telephone Number,12468502511
20180101536,MEINL USA LC,3427 AMBROSE AVE,"NASHVILLE, TN 37207 US",,,,,,,,,
20180101537,FORTUNA HARDWARE COMPANY,"417-B WEST FOOTHILL BLVD,SUITE 230","GLENDORA,CALIFORNIA 91741 USA",,,,,,,,,
20180101539,BOSCH SECURITY SYSTEM INC,140 CALIBER RIDGE DRIVE,"GREER, SOUTH CAROLINA 29651",,,GREER,SC,29651,US,,,
20180101540,DELMAR INTERNATIONAL INC.,10636 COTE DE LIESSE,"MONTREAL,QC H8T 1A5",TEL:514-6368800,FAX:514-6361212,,,,,,,
20180101542,COMPOSITE TECHNOLOGY INTERNATIONAL,"1730 I STREET, SUITE 10",SACRAMENTO CA UNITED STATES 95814,,,,,,,,,
20180101543,COMPOSITE TECHNOLOGY INTERNATIONAL,"1730 I STREET, SUITE 10",SACRAMENTO CA UNITED STATES 95814,,,,,,,,,
20180101544,COMPOSITE TECHNOLOGY INTERNATIONAL,"1730 I STREET, SUITE 10",SACRAMENTO CA UNITED STATES 95814,,,,,,,,,
20180101545,COMPOSITE TECHNOLOGY INTERNATIONAL,"1730 I STREET, SUITE 10",SACRAMENTO CA UNITED STATES 95814,,,,,,,,,
20180101546,ECU WORLDWIDE (USA),2401 NW 69TH STREET,33147 MIAMI,U.S.A.,,,,,,,,
20180101547,MINK HAIR LTD,71 RIVERVIEW DRIVE,,,,WAYNE,MI,07470,US,,,
20180101548,MINK HAIR LTD,71 RIVERVIEW DRIVE,,,,WAYNE,MI,07470,US,,,
20180101549,MINK HAIR LTD,71 RIVERVIEW DRIVE,,,,WAYNE,MI,07470,US,,,
20180101550,MINK HAIR LTD,71 RIVERVIEW DRIVE,,,,WAYNE,MI,07470,US,,,
20180101552,LENOVO US FULFILLMENT CENTER,6540 FRANZ WARNER PARKWAY WHITSETT,"NC 27377 ,USA",USA,,WHITSETT,NY,27377,US,,,
20180101553,I4 FURNITURE INC.,DBA: FURNITURE MARKET,"BOX 13732 STN A, ST JOHN,","NL A1B 4G3, CANADA",,,,,,,,
20180101556,I4 FURNITURE INC,"5 KIWANIS ST, ST. JOHN'S NF,",", A1B 0A2 CANADA",,,,,,,,,
20180101557,INDIA MARITIME AGENCY LLC,SUITE 410 80 ROUTE 4 EAST,PARAMUS NJ 07652,UNITED STATES,,,,,,,Telephone Number,5561331 5561331
20180101558,INDIA MARITIME AGENCY LLC,SUITE 410 80 ROUTE 4 EAST,PARAMUS NJ 07652,UNITED STATES,,,,,,,Telephone Number,5561331 5561331
20180101559,BARSAN GLOBAL LOGISTICS INC.,17-09 ZINK PLACE UNIT #5,FAIR LAWN NJ 07410 / USA,OFFICE : 201 773 0730 EXT:217,MIA-IMPORT@BARSAN.COM,,,,,,,
20180101560,BARSAN GLOBAL LOGISTICS INC.,17-09 ZINK PLACE UNIT #5,FAIR LAWN NJ 07410 / USA,OFFICE : 201 773 0730 EXT:217,MIA-IMPORT@BARSAN.COM,,,,,,,
20180101561,DE WELL CONTAINER SHIPPING INC.,"5553 BANDINI BLVD, UNIT A",BELL CA 90201 UNITED STATES,,,,,,,,,
20180101562,ALDI INC USA,1200 N KIRK ROAD,BATAVIA IL 60510 US,,,,,,,,,
20180101563,SCHENKER INC,3644 WINCHESTER RD STE 105,MEMPHIS TN 38118 UNITED STATES,,,,,,,,,
20180101564,"ACME FURNITURE INDUSTRY, INC.",18895 E. ARENTH AVE. CITY OF,"INDUSTRY, CA. 91748, U.S.A.",,,,,,,,,
20180101565,"UPS OCEAN FREIGHT SERVICES, INC",FMC 016871N 3400 NW 74TH AVE SUITE,5 6 MIAMI FL 33122 US,MIAMI FL,,,,,,,,
20180101566,NOVA USA WOOD PRODUCT LLC,"8082 SW NIMBUS AVE, SPACE 6-A",BEAVERTON OR UNITED STATES 97008,,,,,,,,,
20180101567,PANALPINA INC.-BSC CHARLESTON,"207 EAST BAY ST.,SUITE 209","CHARLESTON,SC 29401",AS AGENT FOR AND ON BEHALF OF,,,,,,,Telephone Number,PANTAINER(HK) LTD.
20180101568,HOMESTAR NORTH AMERICA,607 MEACHAM RD,,,,STATESVILLE,NC,28677,US,,,
20180101570,EXPEDITORS INTERNATIONAL OF WASHING,SUITE 2400 3101 YORKMONT ROAD,CHARLOTTE NC 28208,UNITED STATES,,,,,,,Telephone Number,3290508 3295386
20180101571,APEX MARITIME CO. INC.,206 UTAH AVE SOUTH SAN FRANCISCO CA,94080 UNITED STATES,,,,,,,,,
20180101572,ROUND HILL FURNITURE INC.,"3640 ZANE TRACE DRIVE, COLUMBUS,",OH 43228,,,,,,,,,
20180101573,BULLETLINE,6301 E 10TH AVE,,,,HIALEAH,FL,33013,US,,,
20180101575,O.C.S INDUSTRIES,2015 PITKIN AVENUE,BROOKLYN NY 11207,USA,,,,,,,,
20180101576,APEX MARITIME CO. INC.,206 UTAH AVE SOUTH SAN FRANCISCO CA,94080 UNITED STATES,,,,,,,,,
20180101577,MONDI JACKSON INC,14591 STATE HWY 177,JACKSON MO 63755 US,,,,,,,,,
20180101578,UNBRAKO LLC,11939 WOODRUFF AVE,DOWNEY CA 90241,USA,,,,,,,,
20180101579,OEC SHIPPING LOS ANGELES INC,13100 ALONDRA BLVD,"SUITE 100, CERRITOS CA 90703 USA",TEL:5629267186 FAX:5629267183,,,,,,,,
20180101580,OEC FREIGHT NY INC.,"133-33 BROOKVILLE BLVD,ROSEDALE","NY 11422,SUITE 306.",TEL 404-7616900 FAX 404-7612999,,,,,,,,
20180101581,W0MC ARMY GENERAL SUPPLY,DLA DISTRIBUTION RED RIVER,HIGHWAY 82 WEST,TEXARKANA TX 75507-5000,,1-9033341245,,,,,,
20180101583,CRANE WORLDWIDE LOGISTICS-DFW,"2022 MCKENZIE DRIVE, SUITE 120","CARROLLTON, TEXAS, USA 75006",PHNOE : (972) 428-5600,,1-9724285600 TEL,EX,1-972428,55,,,
20180101584,MS INTERNATIONAL INC,2095 N BATAVIA ST ORANGE,CA 92865 USA PH 714 685 7645,ATTN MR SEKAR,,,,,,,Telephone Number,714 685 7500
20180101586,INTERPORT GLOBAL LOGISTICS PVT LTD,17 COTTERS LANE EAST BRUNSWICK NJ 0,8816 - U.S.A. TEL.=(732) 422-3870/7,3/74 FAX.=(732) 422-3878 ]],.,,,,,,,
20180101587,PYRAMID LINES,1717 BUSSE ROAD,ELK GROVE VILLAGE IL 60007,UNITED STATES,,,,,,,Telephone Number,2503101
20180101588,SEA WAY INTERNATIONAL INCORPORATION,"16 W 32ND ST., SUITE 301",NEW YORK NY,UNITED STATES,,,,,,,Telephone Number,2446000 2441007
20180101589,"APEX MARITIME CO., INC.",206 UTAH AVE,"SOUTH SAN FRANCISCO,CA 94080,US",T:+ 650 5892575,F:+ 650 5898861,,,,,,,
20180101590,AVERITT EXPRESS (CORPORATE SERVICE,CENTER),PERIMETER PLACE ONE 518 OLD,"KENTUCKY ROAD 1415 NEAL STREET,","COOKVILLE, TN 38502 @",,,,,,,
20180101591,ATOTECH US INC,1750 OVERVIEW DR,,,,ROCK HILL,SC,,US,,,
20180101592,OK CONTAINER SALES INC.,2707 E. VALLEY BLVD. STE305,WEST COVINA CA 91792,TEL1-626-912-5788,,,,,,,Telephone Number,FAX1-626-912-6188