identifier,shipper_party_name,shipper_party_address_1,shipper_party_address_2,shipper_party_address_3,shipper_party_address_4,city,state_province,zip_code,country_code,contact_name,comm_number_qualifier,comm_number
201801010,JET FAST COMPANY LIMITED,"NO.5 JWU GONG 2ND LANE,","JWU HO VILLAGE,REN WU HSIANG",KAOHSIUNG,TAIWAN,,,,,,,
201801011,UNION WONDERFUL MACHINERY LTD.,"NO.51-10 PEI TAO. PEI TAOLI,","TAMSUI DISTRICT,",NEW TAIPEI CITY,TAIWAN,,,,,,,
201801012,"SUMEEKO INDUSTRIES CO.,LTD.","NO.20 HUAXI RD., TA-FA INDUSTRIAL","DISTRICT,",KAOHSIUNG,TAIWAN,,,,,,,
201801013,YUTY INDUSTRIES CO. LTD.,"NO. 13, SUN PO ROAD, CHUNG-LI",TAOYUAN,TAIWAN,,,,,,,,
201801014,"BE SOUND CO., LTD.","1F, NO. 765 MIN-TSU EAST ROAD,",TAIPEI (TAIBEI),TAIWAN,,,,,,,,
201801015,CHERRY YEAR COMPANY LTD.C/O,CROWN VAST DEVELOPMENT LTD. NO.,"5 L10,TAAN KANG RD TACHIA CHEN,",TAICHUNG,TAIWAN,,,,,,,
201801016,"J&K INTERNATIONAL CO., LTD.","20, LANE 180, JING JUANG ST., TALI,",TAICHUNG,TAIWAN,,,,,,,,
201801017,"JIN DAI AUTO SUPPLIES CO., LTD.","NO. 35, DING TSAO ROAD, SEC. 4,","TSAO CHUNG LI,LUKANG",CHANG HWA,TAIWAN,,,,,,,
201801018,"EMS TECHNOLOGIES CO., LTD.","10F.-1, NO.241, SEC. 3, WUNSIN RD.,","SITUN DISTRICT,",TAICHUNG,TAIWAN,,,,,,,
201801019,ARCHBRIDGE ACCESSORIES CORP.,"NO. 1, ALLEY 45, LANE 53,","SIBEI ST., VILLAGE BAI-SHA, HUATAN",CHANGHUA,CHINA,,,,,,,
2018010110,"GE MAO RUBBER INDUSTRIAL CO., LTD.","NO. 15, KUNG-YEH EAST 4TH ROAD,","LU-KANG CHEN,",CHANGHUA,TAIWAN,,,,,,,
2018010111,MAXSON PRECISION TOOLING CORP.,"NO.13, LANE 514-33, CHUNG-CHENG ROA","HSINCHUANG DIST.,",NEW TAIPEI CITY 24202,TAIWAN,,,,,,,
2018010112,"KING RAY YENG INDUSTRY CO., LTD.","NO.27, ALLEY 27, LANE 194, CHANG-SH",CHANGHUA,TAIWAN,,,,,,,,
2018010113,"CHI-YIH ENTERPRISES CO., LTD.","NO.93, LANE 245, SEC. 3","SHA TIEN RD., TA-TU HSIANG",TAICHUNG,TAIWAN,,,,,,,
2018010114,"EVEREST TEXTILE CO., LTD.","2FL, NO.168, TUNG HWA NORTH ROAD,",TAIPEI,TAIWAN,,,,,,,,
2018010115,ALLWIN ARCHITECTURAL HARDWARE INC.,"12F-6, NO. 241, SEC 3, WENXIN RD,","XITUN DIST,",TAICHUNG 40753,TAIWAN,,,,,,,
2018010116,"DAEHUAN ELECTRONIC CO., LTD.","NO. 9, GONGYE 7TH RD.,","ANNAN DIST.,",TAINAN 70955,TAIWAN,,,,,,,
2018010117,"GE MAO RUBBER INDUSTRIAL CO., LTD.","NO. 15, KUNG-YEH EAST 4TH ROAD,","LU-KANG CHEN,",CHANGHUA,TAIWAN,,,,,,,
2018010118,"FOX FACTORY INC., TAIWAN BRANCH","NO.8, JINGKE 6TH RD.,",NANTUN DIST,TAICHUNG 40852,TAIWAN,,,,,,,
2018010119,JIINGI METAL INDUSTRIAL CO.,"NO.195 LUENMBI ROAD NANBI LI,",CHANGHUA,TAIWAN,,,,,,,,
2018010120,BESMED HEALTH BUSINESS CORP.,"NO. 5, LANE 116, WU KONG 2ND RD.,","WUGU DIST.,",NEW TAIPEI CITY 248,TAIWAN,,,,,,,
2018010121,UNICORN HOBBY CORPORATION,NO.82 RENHUA ST. SANCHONG CITY,TAIPEI 241,TAIWAN,,,,,,,,
2018010122,"WINGUN TECHNOLOGY CO., LTD.","NO. 50, WUQUAN 7TH RD, WUGU DIST,",NEW TAIPEI CITY 24890,TAIWAN,,,,,,,,
2018010123,"CO-LUCK ENTERPRISE CO., LTD.","NO. 2, LANE 187, SHI HOO RD,","TALI CITY,",TAICHUNG 41263,TAIWAN,,,,,,,
2018010124,"SEVENTEAM ELECTRONICS CO., LTD","2F, NO35, LANE 167, SEC.1.TUNG HO E",TAIPEI,TAIWAN,,,,,,,,
2018010125,COSMOGEN,160 BOULEVARD HAUSSMAN,PARIS,FRANCE,,,,,,,,
2018010126,SNAP-ON TOOLS HK LTD.,"UNIT 2010, 20TH FLOOR, LAFORD CENTI","838 LAI CHI KOK ROAD, CHEUNG SHA WA",HONG KONG,HONG KONG,,,,,,,
2018010127,"PANTOS LOGISTICS CO.,LTD.","O B OF BIZNEER CORPORATION CO.,LTD.",,,,,,,,,,
2018010128,"BIZNEER CORPORATION CO.,LTD.","B-B505, TERA TOWER2, 201 SONGPA-DAE","RO SONGPA-GU, SEOUL, KOREA T",EL 82-2-508-8483 FAX 82-2-508,,,,,,,,
2018010129,A2Z LOGISTICS INDIA PVT LTD,PVT LTD 16 MMTC,"COLONY 2ND MAIN NO 16,MMTC COLONY",ROAD NANGANALLURCHENNAI 600061,,,,,,,Telephone Number,CHENNAI IN
2018010130,A2Z LOGISTICS INDIA PVT LTD,PVT LTD 16 MMTC,"COLONY 2ND MAIN NO 16,MMTC COLONY",ROAD NANGANALLURCHENNAI 600061,,,,,,,Telephone Number,CHENNAI IN
2018010131,SILVER EUPLECTA,CARE OF SINOKOR MARITIME CO LTD,HAEANAM BUILDING 21 21 BUKCHANGDONG,"JUNG-GU SEOUL, 100-080, SOUTH",,,,,,,Telephone Number,KOREA.
2018010132,GUANGDONG SUNLITE SCIENCE ?,"TECHNOLOGY CO., LTD.","XINJI VILLAGE, MACHONG TOWN,","DONGGUAN CITY, GUANGDONG",CN,,,,,,,
2018010133,A2Z LOGISTICS INDIA PVT LTD,PVT LTD 16 MMTC,"COLONY 2ND MAIN NO 16,MMTC COLONY",ROAD NANGANALLURCHENNAI 600061,,,,,,,Telephone Number,CHENNAI IN
2018010134,MIRUS INGREDIENTS LIMITED,"4/F.,HONG KONG TRADE CENTRE,","161-167 DES VOEUX ROAD, CENTRAL",HONG KONG,HONG KONG,,,,,,,
2018010136,"GLOBAL SPECIAL GAS SERVICE CO.,LTD","UNIT47/F,BRIGHT WAY TOWER, NO 33,","MONG KOK TAI KOK TSUI,KOW LOON,",HONG KONG,HONG KONG,,,,,,,
2018010137,"JIANGYIN TUOXIN STEEL ROPE CO.,LTD","NO.68 DONGDING RD,",EAST OF CITY DEVELOPMENT ZONE,JIANGYIN,CHINA,,,,,,,
2018010139,"ANHUI JINHE INDUSTRIAL CO.,LTD.","NO.127,EAST STREET,",LAI AN COUNTY,ANHUI,CHINA,,,,,,,
2018010140,WEIQIAO AMERICA INC,"768 XIE TU RD,RM16D/E",SHANGHAI 200023,CHINA,,,,,,,,
2018010141,SUZHOU HENGXIANG I&E CO LTD.,"18F,INT'L ECONOMY AND TRADE","BLDG 1638 XIHUAN RD,",SUZHOU,CHINA,,,,,,,
2018010142,A2Z LOGISTICS INDIA PVT LTD,PVT LTD 16 MMTC,"COLONY 2ND MAIN NO 16,MMTC COLONY",ROAD NANGANALLURCHENNAI 600061,,,,,,,Telephone Number,CHENNAI IN
2018010143,TAB INDIA GRANITES PVT LTD. (100 E,"E-147, RICCO INDUSTRIAL AREA, PHASE","BAGRU (EXTN) , JAIPUR - 303 007",JAIPUR 303 007,INDIA,,,,,,,
2018010144,A2Z LOGISTICS INDIA PVT LTD,PVT LTD 16 MMTC,"COLONY 2ND MAIN NO 16,MMTC COLONY",ROAD NANGANALLURCHENNAI 600061,,,,,,,Telephone Number,CHENNAI IN
2018010145,A2Z LOGISTICS INDIA PVT LTD,PVT LTD 16 MMTC,"COLONY 2ND MAIN NO 16,MMTC COLONY",ROAD NANGANALLURCHENNAI 600061,,,,,,,Telephone Number,CHENNAI IN
2018010147,A2Z LOGISTICS INDIA PVT LTD,PVT LTD 16 MMTC,"COLONY 2ND MAIN NO 16,MMTC COLONY",ROAD NANGANALLURCHENNAI 600061,,,,,,,Telephone Number,CHENNAI IN
2018010149,A2Z LOGISTICS INDIA PVT LTD,PVT LTD 16 MMTC,"COLONY 2ND MAIN NO 16,MMTC COLONY",ROAD NANGANALLURCHENNAI 600061,,,,,,,Telephone Number,CHENNAI IN
2018010150,MADHUCON GRANITES LTD (100EOU),"SNO.222/1,BESIDES DNO.135,ADDUKURKK","KAMANDODDI(P),KRISHNAGIRI DIST",HOSUR,INDIA,,,,,,,
2018010151,A2Z LOGISTICS INDIA PVT LTD,PVT LTD 16 MMTC,"COLONY 2ND MAIN NO 16,MMTC COLONY",ROAD NANGANALLURCHENNAI 600061,,,,,,,Telephone Number,CHENNAI IN
2018010153,A2Z LOGISTICS INDIA PVT LTD,PVT LTD 16 MMTC,"COLONY 2ND MAIN NO 16,MMTC COLONY",ROAD NANGANALLURCHENNAI 600061,,,,,,,Telephone Number,CHENNAI IN
2018010154,A2Z LOGISTICS INDIA PVT LTD,PVT LTD 16 MMTC,"COLONY 2ND MAIN NO 16,MMTC COLONY",ROAD NANGANALLURCHENNAI 600061,,,,,,,Telephone Number,CHENNAI IN
2018010155,URBAN ORIGINALS,15 CHARD ROAD NSW,BROOKVALE 2100,AUSTRALIA,,,,,,,,
2018010156,A2Z LOGISTICS INDIA PVT LTD,PVT LTD 16 MMTC,"COLONY 2ND MAIN NO 16,MMTC COLONY",ROAD NANGANALLURCHENNAI 600061,,,,,,,Telephone Number,CHENNAI IN
2018010157,DONG GUAN YUANKANG PLUSH TOY CO.,"NO.10,YUANYING ROAD,",ZHUYUANLIAOBU TOWN,"DONGGUAN, GUANGDONG CN",,,,,,,,
2018010158,A2Z LOGISTICS INDIA PVT LTD,PVT LTD 16 MMTC,"COLONY 2ND MAIN NO 16,MMTC COLONY",ROAD NANGANALLURCHENNAI 600061,,,,,,,Telephone Number,CHENNAI IN
2018010159,A2Z LOGISTICS INDIA PVT LTD,"NO.16, MMTC COLONY 2ND MAIN ROAD,","NANGANALLUR, CHENNAI-600 061. INDIA",,,,,,,,,
2018010160,SERCK SERVICES (GULF) LIMITED,OPP GARGASH SHOWROOM,"MERCEDS, INDUSTRIAL AREA 12",SHARJAH AE,,,,,,,,
2018010164,A2Z LOGISTICS INDIA PVT LTD,PVT LTD 16 MMTC,"COLONY 2ND MAIN NO 16,MMTC COLONY",ROAD NANGANALLURCHENNAI 600061,,,,,,,Telephone Number,CHENNAI IN
2018010165,A2Z LOGISTICS INDIA PVT LTD,PVT LTD 16 MMTC,"COLONY 2ND MAIN NO 16,MMTC COLONY",ROAD NANGANALLURCHENNAI 600061,,,,,,,Telephone Number,CHENNAI IN
2018010166,A2Z LOGISTICS INDIA PVT LTD,PVT LTD 16 MMTC,"COLONY 2ND MAIN NO 16,MMTC COLONY",ROAD NANGANALLURCHENNAI 600061,,,,,,,Telephone Number,CHENNAI IN
2018010167,"PXI AUTO COMPONENTS (SUZHOU) CO., L","JINYANG RD, LIANTANG INDUSTRIAL ZON","CHANGSHU, JIANGSU 215024 CN",,,,,,,,,
2018010168,"E TECH INDUSTRIAL CO.,LTD.","NO.616, SEC.3","CHANG SHIN ROAD, HO MEI TOWN",CHANGHUA 508 TW,,,,,,,,
2018010169,SEKO INTERNATIONAL FREIGHT,FORWARDING (SHANGHAI) CO LTD,"ROOM A08, 22/F, BLOCK A, NANFA",,,"BUILDING, SHENZHEN",44,,CN,,,
2018010170,"TOP SEALAND INTERNATIONAL CO., LTD","ROOM1006,GUIDU BUILDING,NO.300",SHENZHEN 518001,,,"CHUNFENG ROAD,LUOHU",44,,CN,,,
2018010171,TSANN KUEN (ZHANGZHOU) ENTERPRISE C,TSANN KUEN INDUSTRIAL,"DISTRICT, LONGCHI, DEVELOPMENT ZONE","ZHANG ZHOU, FUJIAN CN",,,,,,,,
2018010172,"KARRIE INDUSTRIAL CO., LTD","10/F, SOUTHEAST IND BLDG.,","611-619 CASTLE PEAK RD,","TSUEN WAN, NEW TERRITORIES HK",,,,,,,,
2018010173,NIPPON ELECTRIC GLASS (M) SDN.BHD.,LOT 1-7 LION INDUSTRIAL PARK,"PERSIARAN JUBLI PERAK, P.O. BOX 72","SHAH ALAM, SELANGOR 40706 MY",,,,,,,,
2018010174,AKSHAY ENTERPRISES,"B/8, TRILOK BLDG.,","DR.AMBEDKAR ROAD, BANDRA (W)",MUMBAI 400 050,INDIA,,,,,,,
2018010175,VANTAGE ORGANIC FOODS PVT.LTD.,"13/12, MALVIYA NAGAR",,,,JAIPUR,,302017,IN,,,
2018010176,NIPPON ELECTRIC GLASS (M) SDN.BHD.,LOT 1-7 LION INDUSTRIAL PARK,"PERSIARAN JUBLI PERAK, P.O. BOX 72","SHAH ALAM, SELANGOR 40706 MY",,,,,,,,
2018010177,PROLIFE BIO CHEMICAL IND PVT LTD,"PLOT NO.2921, PHASE-III, G.I.D.C. E",PANOLI BHARUCH,GUJARAT 394116,INDIA,,,,,,,
2018010178,NITIKA PHARMACEUTICAL SPECAILITES L,"85,PILI NADI,INDUSTRIAL AREA","KAMPTEE ROAD,",NAGPUR 440026,INDIA,,,,,,,
2018010179,GUPTA RUGS INDIA,"OPP SEC-25,PART-2,HUDA BYE PASS","SHREE RAM MARG,",PANIPAT 132103,INDIA,,,,,,,
2018010180,GUPTA RUGS INDIA,"OPP SEC-25,PART-2,HUDA BYE PASS","SHREE RAM MARG,",PANIPAT 132103,INDIA,,,,,,,
2018010181,A2Z LOGISTICS INDIA PVT LTD,PVT LTD 16 MMTC,"COLONY 2ND MAIN NO 16,MMTC COLONY",ROAD NANGANALLURCHENNAI 600061,,,,,,,Telephone Number,CHENNAI IN
2018010182,TILECO PVT LTD,"REGD.OFFICE B-231,","ROAD NO.9,V.K.I AREA,","JAIPUR,RAJESTHAN,INDIA",,,,,,,,
2018010183,A2Z LOGISTICS INDIA PVT LTD,PVT LTD 16 MMTC,"COLONY 2ND MAIN NO 16,MMTC COLONY",ROAD NANGANALLURCHENNAI 600061,,,,,,,Telephone Number,CHENNAI IN
2018010184,AASTHA APPARELS PVT LTD,"A-13, OKHLA INDUSTRIAL AREA",PHASE-1,NEW DELHI,INDIA,,,,,,,
2018010185,A2Z LOGISTICS INDIA PVT LTD,PVT LTD 16 MMTC,"COLONY 2ND MAIN NO 16,MMTC COLONY",ROAD NANGANALLURCHENNAI 600061,,,,,,,Telephone Number,CHENNAI IN
2018010186,A2Z LOGISTICS INDIA PVT LTD,PVT LTD 16 MMTC,"COLONY 2ND MAIN NO 16,MMTC COLONY",ROAD NANGANALLURCHENNAI 600061,,,,,,,Telephone Number,CHENNAI IN
2018010187,SUPERMOUNT FASHION DESIGNS,"(P) LTD. A-3, 1ST FLOOR, SECTOR-27",UTTAR PRADESH,NOIDA 201301,INDIA,,,,,,,
2018010188,JING MEI AUTOMOTIVE LIMITED,"UNIT 6B, 26/F, TML TOWER","3 HOI SHING ROAD,","TSUEN WAN, NEW TERRITORIES HK",,,,,,,,
2018010189,ZHENG QIAO METAL PRODUCT CO. LTD,"RM 1307-8 DOMINION CENTRE,","43-59 QUEEN'S ROAD EAST,","WANCHAI, HONG KONG ISLAND HK",,,,,,,,
2018010190,CHAOZHOU LIANYI CERAMICS INDUSTRIAL,DONGMEN IND ZONE.FENGTANG TOWN,"CHAOZHOU, GUANGDONG CN",,,,,,,,,
2018010192,CHAOZHOU LIANYI CERAMICS INDUSTRIAL,DONGMEN IND ZONE.FENGTANG TOWN,"CHAOZHOU, GUANGDONG CN",,,,,,,,,
2018010193,CHAOZHOU LIANYI CERAMICS INDUSTRIAL,DONGMEN IND ZONE.FENGTANG TOWN,"CHAOZHOU, GUANGDONG CN",,,,,,,,,
2018010195,A2Z LOGISTICS INDIA PVT LTD,"NO.16, MMTC COLONY 2ND MAIN RD","NANGANALLUR, CHENNAI, TAMIL NADU-60",061.,,,,,,,Telephone Number,PH 91 44 4558 8023
2018010196,A2Z LOGISTICS INDIA PVT LTD,PVT LTD 16 MMTC,"COLONY 2ND MAIN NO 16,MMTC COLONY",ROAD NANGANALLURCHENNAI 600061,,,,,,,Telephone Number,CHENNAI IN
2018010197,DUFERDOFIN-NUCOR S.R.L.,"VIA ARMANDO DIAZ, 248",25010 SAN ZENO NAVIGLIO (BS) -,ITALY,,39-30216911 TEL,EX,39-03026,67,,,
2018010198,"CIRCOR ENERGY PRODUCTS, INC.","10# QUN XING SAN ROAD,","LOUFENG DISTRICT, SUZHOU INDUSTRIAL","SUZHOU, JIANGSU 215006 CN",,,,,,,,
20180101100,A2Z LOGISTICS INDIA PVT LTD,PVT LTD 16 MMTC,"COLONY 2ND MAIN NO 16,MMTC COLONY",ROAD NANGANALLURCHENNAI 600061,,,,,,,Telephone Number,CHENNAI IN
20180101101,"EVERSTAR LOGISTICS CO.,LTD","5/F, ZHENGZHANG MANSION,NO.165","SHUANGLIAO ROAD,YANGPU DISTRICT","SHANGHAI 200092, P.R.CHINA.",,86-2163565030 TEL,EX,86-21517,81,,,
20180101102,PARKER HANNIFIN MOTION & CONTROL,"NO.15 RONGTONG ROAD,",XISHAN ECONOMIC DEVELOPMENT ZONE,"WUXI CITY,JIANGSU PROVINCE, CHINACN",,,,,,,,
20180101103,EVA-LAST HONG KONG LIMITED,"ROOM 1203,12/F,TOWER 3","33 CANTON ROAD,","HONGKONG, HONG KONG ISLAND HK",,,,,,,,
20180101104,EVA-LAST HONG KONG LIMITED,"ROOM 1203,12/F,TOWER 3","33 CANTON ROAD,","HONGKONG, HONG KONG ISLAND HK",,,,,,,,
20180101105,"SONY ELECTRONICS (WUXI) CO.,LTD.","62 BLOCK,NATIONAL HI-TECH","INDUSTRIAL DEVELOPMENT ZONE,","WUXI, JIANGSU 214028 CN",,,,,,,,
20180101106,KONE ELEVATORS CO. LTD.,NO.688 XIAO LIN ROAD,"KUNSHAN, JIANGSU 215316 CN",,,,,,,,,
20180101107,"WUXI LINFENG CERAMIC CO.,LTD",DINGSHU TOWN,ROOM 715,"YIXING, JIANGSU CN",,,,,,,,
20180101108,"WUXI LINFENG CERAMIC CO.,LTD",DINGSHU TOWN,ROOM 715,"YIXING, JIANGSU CN",,,,,,,,
20180101109,JIANGSU ZHONGHENG PET ARTICLES,"NO.1388 CENTURY AVENUE,YANCHENG","YANCHENG, JIANGSU CN",,,,,,,,,
20180101110,"E TECH INDUSTRIAL CO.,LTD.","NO.616, SEC.3","CHANG SHIN ROAD, HO MEI TOWN",CHANGHUA 508 TW,,,,,,,,
20180101111,"SHIP OVERSEAS, INC","6215 FERRIS SQUARE, SUITE 150","SAN DIEGO CA, 92121 USA",,,,,,,,,
20180101112,AUTOBORSE EUSKIRCHEN E.K.,KLEIN HEEG 39,53359 RHEINBACH,GERMANY,,,,,,,,
20180101113,HANGZHOU TIANYUAN PET PRODUCTS CO,"LTD, 9/F, HEBIN BUSINESS TOWER.",333 NORTH JIANGUO ROAD,"HANGZHOU, ZHEJIANG CN",,,,,,,,
20180101114,HUAFON NIKKEI ALUMINIUM CORPORATION,YUEGONG ROAD,"JINSHAN, SHANGHAI CN",,,,,,,,,
20180101115,MACFIX E&D TRADING GROUP INC,"CO WISEDOM WIN INTERNATIONAL CO.,LT","NO.255 SHI HU RD,",TALI CITY TAICHUNG TW,,,,,,,,
20180101116,A2Z LOGISTICS INDIA PVT LTD,PVT LTD 16 MMTC,"COLONY 2ND MAIN NO 16,MMTC COLONY",ROAD NANGANALLURCHENNAI 600061,,,,,,,Telephone Number,CHENNAI IN
20180101117,A2Z LOGISTICS INDIA PVT LTD,PVT LTD 16 MMTC,"COLONY 2ND MAIN NO 16,MMTC COLONY",ROAD NANGANALLURCHENNAI 600061,,,,,,,Telephone Number,CHENNAI IN
20180101118,THAI AGRI FOODS PUBLIC COMPANY LIMI,"155/1 MOO 1,THEPARAK ROAD,TAMBOL","BANGSAOTHONG,AMPHUR BANGSAOTHONG","SAMUTPRAKARN ,10570,TH",,,,,,,,
20180101119,"ACU-TRANSPORT CO., LTD.","99/9 YENAKART ROAD, CHONGNONSEE, YA",BANGKOK 10120 THAILAND,,,,,,,,,
20180101120,MR. ROHAN RAHA TEOPHILUS C/O ULSI,WOLGA 12,2491 BJ DEN HAAG,THE NETHERLANDS,,,,,,,,
20180101121,FRAU,RHEANNA SINNETT,HAUPTSTR. 334,DE-55743 IDAR OBERSTEIN,,,,,,,,
20180101122,MR. AND/OR MRS.,CARLOS AND/OR LUZ GUARDADO,RODENBACHER STR. 33,DE-67661 KAISERSLAUTERN,,,,,,,Telephone Number,TEL: 0176-99343276
20180101123,RANDALL S. WATKINS,RAIFFEISENSTR. 1,97450 ARNSTEIN / OT GAENHEIM,GERMANY,,,,,,,,
20180101124,SAPTHSATHI ORGANIC AGRICULTURE,"PROJECT, 414/5TH FLOOR, ONAM PLAZA","NEAR INDUSTRY HOUSE, OLD-PALASIA,",,,INDORE,MP,452001,IN,,,
20180101125,SAPTHSATHI ORGANIC AGRICULTURE,"PROJECT, 414/5TH FLOOR, ONAM PLAZA","NEAR INDUSTRY HOUSE, OLD-PALASIA,",,,INDORE,MP,452001,IN,,,
20180101126,SAPTHSATHI ORGANIC AGRICULTURE,"PROJECT, 414/5TH FLOOR, ONAM PLAZA","NEAR INDUSTRY HOUSE, OLD-PALASIA,",,,INDORE,MP,452001,IN,,,
20180101127,SAPTHSATHI ORGANIC AGRICULTURE,"PROJECT, 414/5TH FLOOR, ONAM PLAZA","NEAR INDUSTRY HOUSE, OLD-PALASIA,",,,INDORE,MP,452001,IN,,,
20180101128,SAPTHSATHI ORGANIC AGRICULTURE,"PROJECT, 414/5TH FLOOR, ONAM PLAZA","NEAR INDUSTRY HOUSE, OLD-PALASIA,",,,INDORE,MP,452001,IN,,,
20180101129,SAPTHSATHI ORGANIC AGRICULTURE,"PROJECT, 414/5TH FLOOR, ONAM PLAZA","NEAR INDUSTRY HOUSE, OLD-PALASIA,",,,INDORE,MP,452001,IN,,,
20180101130,SAR TRANSPORT SYSTEMS PVT. LTD.,413-415 SWASTIK DISA CORPORATE PARK,"LBS MARG, GHATKOPAR (WEST),","MUMBAI 400 086, INDIA",,,,,,,Telephone Number,"TEL:022-40964200, FAX:022-40964216"
20180101131,SAR TRANSPORT SYSTEMS PVT. LTD.,413-415 SWASTIK DISA CORPORATE PARK,"LBS MARG, GHATKOPAR (WEST),","MUMBAI 400 086, INDIA",,,,,,,Telephone Number,"TEL:022-40964200, FAX:022-40964216"
20180101132,SAR TRANSPORT SYSTEMS PVT. LTD.,413-415 SWASTIK DISA CORPORATE PARK,"LBS MARG, GHATKOPAR (WEST),","MUMBAI 400 086, INDIA",,,,,,,Telephone Number,"TEL:022-40964200, FAX:022-40964216"
20180101133,SAR TRANSPORT SYSTEMS PVT. LTD.,413-415 SWASTIK DISA CORPORATE PARK,"LBS MARG, GHATKOPAR (WEST),","MUMBAI 400 086, INDIA",,,,,,,Telephone Number,"TEL:022-40964200, FAX:022-40964216"
20180101134,SAR TRANSPORT SYSTEMS PVT. LTD.,413-415 SWASTIK DISA CORPORATE PARK,"LBS MARG, GHATKOPAR (WEST),","MUMBAI 400 086, INDIA",,,,,,,Telephone Number,"TEL:022-40964200, FAX:022-40964216"
20180101135,SAR TRANSPORT SYSTEMS PVT. LTD.,413-415 SWASTIK DISA CORPORATE PARK,"LBS MARG, GHATKOPAR (WEST),","MUMBAI 400 086, INDIA",,,,,,,Telephone Number,"TEL:022-40964200,FAX:022-40964216"
20180101136,DONNA WILLIAMS,34A HEATHER PARK DRIVE,,,,WEMBLEY,,,GB,,,
20180101137,HANJI METALS PLASTICS CRAFTS CO,HENGTANG AREA TANGXIA TOWN DONGGUAN,PRC CHINA,,,,,,,,,
20180101138,"SENTURY TIRE (THAILAND) CO., LTD","888 1 MOO 2, T.SAMNAKTHONG","A.MUANGRAYONG,RAYONG 21100",RAYONG 21100 TH,,,,,,,,
20180101139,A2Z LOGISTICS INDIA PVT LTD,PVT LTD 16 MMTC,"COLONY 2ND MAIN NO 16,MMTC COLONY",ROAD NANGANALLURCHENNAI 600061,,,,,,,Telephone Number,CHENNAI IN
20180101140,FILPA AMBALAJ VE DIS TIC AS,ADANA HACI SABANCI ORGANIZE,SAN BOLG OSB SABANCI CD NO.8/2,ADANA 01360,TURKEY,,,,,,,
20180101141,FILPA AMBALAJ VE DIS TIC AS,ADANA HACI SABANCI ORGANIZE,SAN BOLG OSB SABANCI CD NO.8/2,ADANA 01360,TURKEY,,,,,,,
20180101142,FILPA AMBALAJ VE DIS TIC AS,ADANA HACI SABANCI ORGANIZE,SAN BOLG OSB SABANCI CD NO.8/2,ADANA 01360,TURKEY,,,,,,,
20180101143,FILPA AMBALAJ VE DIS TIC AS,ADANA HACI SABANCI ORGANIZE,SAN BOLG OSB SABANCI CD NO.8/2,ADANA 01360,TURKEY,,,,,,,
20180101144,R S G STONES,"B-74 (A) ROAD NO. 1 C, V.K.I AREA",JAIPUR 302013,INDIA,,,,,,,,
20180101145,FILPA AMBALAJ VE DIS TIC AS,ADANA HACI SABANCI ORGANIZE,SAN BOLG OSB SABANCI CD NO.8/2,ADANA 01360,TURKEY,,,,,,,
20180101146,R S G STONES,"B-74 A ROAD NO. 1C, V.K.I.AREA,",JAIPUR TEL. 00-91-141-4108105,FAX 0091-141-2330212,,,,,,,Telephone Number,"JAIPUR,,IN,."
20180101147,A2Z LOGISTICS INDIA PVT LTD,"NO.16, MMTC COLONY 2ND MAIN",RD- OPP. MODERN SCHOOL PLAYGROUND,"NANGANALLUR, CHENNAI- 600 061",,,,,,,Telephone Number,PH 91 44 4558 8023
20180101148,STONE IMPEX INDIA PVT LTD,"NO.107,1ST FLOOR,SOPHIAS CHOI","NO.7,ST.MARKS ROAD",BANGALORE 560001,INDIA,,,,,,,
20180101149,PELICAN QUARTZ STONE,"B-57, M.I.A., 2ND PHASE, BASNI",JODHPUR 342005,INDIA,,,,,,,,
20180101150,A2Z LOGISTICS INDIA PVT LTD,PVT LTD 16 MMTC,"COLONY 2ND MAIN NO 16,MMTC COLONY",ROAD NANGANALLURCHENNAI 600061,,,,,,,Telephone Number,CHENNAI IN
20180101151,ORIENT STAR TRANSPORT INTL LTD,"RM.01-06, 11F, LUDAN BUILDING, NO.","1011 BINHE EAST ROAD,",SHENZHEN. POSTCODE 518001,TEL (86)755-2515 4278,,,,,,,
20180101152,VISAVAKIT PATANA CORP. LTD,42.52 MOO 7 KOOBANG -LAUNG,LADLHUMKAEW PATHUMTANI 12140,12140 THAILAND,,,,,,,,
20180101153,BALTECH IES PTY LTD ALPA ECC,DURONG SO 1 RACH DURA TP VUNG,TAU BA RJA,VUNG TAU VIETNAM,,,,,,,,
20180101154,A2Z LOGISTICS INDIA PVT LTD,PVT LTD 16 MMTC,"COLONY 2ND MAIN NO 16,MMTC COLONY",ROAD NANGANALLURCHENNAI 600061,,,,,,,Telephone Number,CHENNAI IN
20180101155,FILPA AMBALAJ VE DIS TIC AS,ADANA HACI SABANCI ORGANIZE,SAN BOLG OSB SABANCI CD NO.8/2,ADANA 01360,TURKEY,,,,,,,
20180101156,FILPA AMBALAJ VE DIS TIC AS,ADANA HACI SABANCI ORGANIZE,SAN BOLG OSB SABANCI CD NO.8/2,ADANA 01360,TURKEY,,,,,,,
20180101157,FILPA AMBALAJ VE DIS TIC AS,ADANA HACI SABANCI ORGANIZE,SAN BOLG OSB SABANCI CD NO,ADANA 01360,TURKEY,,,,,,,
20180101158,FILPA AMBALAJ VE DIS TIC AS,ADANA HACI SABANCI ORGANIZE,SAN BOLG OSB SABANCI CD NO.8/2,ADANA 01360,TURKEY,,,,,,,
20180101159,FILPA AMBALAJ VE DIS TIC AS,ADANA HACI SABANCI ORGANIZE,SAN BOLG OSB SABANCI CD NO.8/2,ADANA 01360,TURKEY,,,,,,,
20180101160,SEAWAYS JOSEFA CAMEJO,V SHIPS UK LIMITED THE SKYPARK 8,ELLIOT PLACE GLASGOW G3 8EP UNITED,KINGDOM,,,,,,,,
20180101161,NANJING BEAUTYSTONE IMP. &,"EXP. CO., LTD.70 NORTH ZHONGSHAN RO","AD ,NANJING",,,,,,,,,
20180101162,SEASONS INTERNATIONAL PVT LTD,"5-O-1, R.C VYAS COLONY",,,,BHILWARA,,311001,IN,,,
20180101163,SEASONS INTERNATIONAL PVT LTD,"5-O-1, R.C VYAS COLONY",,,,BHILWARA,,311001,IN,,,
20180101164,SEASONS INTERNATIONAL PVT LTD,"5-O-1, R.C VYAS COLONY",,,,BHILWARA,,311001,IN,,,
20180101165,SEASONS INTERNATIONAL PVT LTD,"5-O-1, R.C VYAS COLONY",,,,BHILWARA,,311001,IN,,,
20180101166,SEASONS INTERNATIONAL PVT LTD,"5-O-1, R.C VYAS COLONY",,,,BHILWARA,,311001,IN,,,
20180101167,SAR TRANSPORT SYSTEMS PVT. LTD.,413-415 SWASTIK DISA CORPORATE PARK,"LBS MARG, GHATKOPAR (WEST),","MUMBAI 400 086, INDIA",,,,,,,Telephone Number,"TEL:022-40964200, FAX:022-40964216"
20180101168,SAR TRANSPORT SYSTEMS PVT. LTD.,413-415 SWASTIK DISA CORPORATE PARK,"LBS MARG, GHATKOPAR (WEST),","MUMBAI 400 086, INDIA",,,,,,,Telephone Number,"TEL:022-40964200, FAX:022-40964216"
20180101169,SAR TRANSPORT SYSTEMS PVT. LTD.,413-415 SWASTIK DISA CORPORATE PARK,"LBS MARG, GHATKOPAR (WEST),","MUMBAI 400 086, INDIA",,,,,,,Telephone Number,"TEL:022-40964200, FAX:022-40964216"
20180101170,SAR TRANSPORT SYSTEMS PVT. LTD.,413-415 SWASTIK DISA CORPORATE PARK,"LBS MARG, GHATKOPAR (WEST),","MUMBAI 400 086, INDIA",,,,,,,Telephone Number,"TEL:022-40964200, FAX:022-40964216"
20180101171,SAR TRANSPORT SYSTEMS PVT. LTD.,413-415 SWASTIK DISA CORPORATE PARK,"LBS MARG, GHATKOPAR (WEST),","MUMBAI 400 086, INDIA",,,,,,,Telephone Number,"TEL:022-40964200, FAX:022-40964216"
20180101173,"ZIBO BOTAI MACHINERY CO.,LTD.",BEIJIAO TOWN ZHOUCUN DISTRICT.,ZIBOCITY SHANDONG CHINA,,,,,,,,,
20180101175,"SHANDONG NEW CONTINENT TIRE CO., LT","LUSHAN INDUSTRIAL ZONE, YISHUI,",SD CHINA,,,,,,,,,
20180101176,MAHI GRANITES PVT LTD,"3RD & 4TH FLOOR, MAHI TOWERS","PLOT NO 15, SHILPI ENCLAVE, MADHAPU",HYDERABAD 500081,INDIA,,,,,,,
20180101177,R S G STONES,"B-74 (A) ROAD NO. 1 C, V.K.I AREA",JAIPUR 302013,INDIA,,,,,,,,
20180101179,"SAFROUND LOGISTIC CO., LTD",202-203 BUILDING 28'NO. 128 SHUI FE,NINGBO 33 315000 CHINA,,,,,,,,,
20180101180,A2Z LOGISTICS INDIA PVT LTD,PVT LTD 16 MMTC,"COLONY 2ND MAIN NO 16,MMTC COLONY",ROAD NANGANALLURCHENNAI 600061,,,,,,,Telephone Number,CHENNAI IN
20180101181,A2Z LOGISTICS INDIA PVT LTD,PVT LTD 16 MMTC,"COLONY 2ND MAIN NO 16,MMTC COLONY",ROAD NANGANALLURCHENNAI 600061,,,,,,,Telephone Number,CHENNAI IN
20180101182,SEAGLOBAL TRADING AND LOGISTICS PVT,"NO.56/39,SESHACHALAM STREET,",SAIDAPET,"CHENNAI, TAMIL NADU 600 015",TEL_044-24357111 FAX_044-24347444,,,,,,,
20180101183,FAVOURITE DESIGN SDN BHD,PLO47 JALAN RAMI 3,KAWASAN PERINDUSTRIAN BUKIT PASIR,"84300 MUAR, JOHOR,MALAYSIA",,,,,,,,
20180101184,HECNY TRANSPORTATION (M) SDN BHD,AS AGENT OF HECNY SHIPPING LIMITED,"NO.40-1 (1ST FLOOR), JALAN RAMIN","2/KS07, BANDAR BOTANIC, 41200",,,,,,,Telephone Number,"KLANG, SELANGOR."
20180101185,AUTOLIV CANKOR OTOMOTIVE,EMNIYET SISTEMLERI SAN VE TIC A.S,TPC GEBZE ORG.SANAVI BOLG.,ISTANBUL,TURKEY,,,,,,,
20180101188,SINO CONNECTIONS LOGISTICS (THAILAN,"1011 SUPALAI GRAND TOWER, 7TH FLOOR",BANGKOK 10120 THAILAND,,,,,,,,,
20180101189,FAVOURITE DESIGN SDN BHD,PLO47 JALAN RAMI 3,KAWASAN PERINDUSTRIAN BUKIT PASIR,"84300 MUAR, JOHOR,MALAYSIA",,,,,,,,
20180101190,HECNY TRANSPORTATION (M) SDN BHD,AS AGENT OF HECNY SHIPPING LIMITED,"NO.40-1 (1ST FLOOR),","JALAN RAMIN 2/KS07, BANDAR BOTANIC,",,,,,,,Telephone Number,"41200 KLANG, SELANGOR."
20180101193,HUNAN FORTUNE ECONOMICS AND TRADE,"CO.,LTD.ROOM 2318, FARSER MANSION,","THE 9TH BUILDING OF THE RED OAK,","MAWANGDUI ST,CHANGSHA,HUNAN,CHINA",,,,,,,,
20180101194,ESTAS KAM MILI IMAL.ITH IHR,"SAN TIC LTD., STI 1 ORG SAN. BOL",1 KISIM HALIS VEM CAD NO 57,SIVAS 58060,TURKEY,,,,,,,
20180101195,CASA CHINA LIMITED SHENZHEN,"ROOM 702-704,SZ-HK FILM CREATIVE PA",FUTIAN 44 518000 CHINA,,,,,,,,,
20180101196,GEEKAY WIRES LIMITED,"PLOT NO. E166, TO E183 & E140","&1, SY NO. 342 & 354 MUPPIREDDYPALL",MEDAK 502334,INDIA,,,,,,,
20180101197,JT ENTERPRISES EXIM PVT LTD,165 HIRAN MANGARY,SECTOR-14 RAJASTHAN,UDAIPUR 301701,INDIA,,,,,,,
20180101198,POKARNA LIMITED,"105, 1ST FLOOR SURYA TOWERS",SECUNDERABAD - 500 003,SECUNDERABAD 500003,INDIA,,,,,,,
20180101199,RSG STONES,"B-25,DEV NAGAR",TONK ROAD,JAIPUR 302015 IN,,,,,,,,
20180101200,DAHNAY LOGISTICS PVT LTD,904 SHIVALIK HIGH STREET,ABHISHILP BUILDING B H,"KESHAVBAGH VASTRAPUR,",,,,,,,Telephone Number,"AHMEDABAD,GUJARAT-380015"
20180101201,MAXWIDE LOGISTICS INC.,"C-408,FULLHOPE PLAZA,12 HONGKONG ZH",QINGDAO 37 266001 CHINA,,,,,,,,,
20180101202,BARSAN GLOBAL LOJISTIK AS.,1456 SK.NO:16 BARO HAN ZEMIN KAT,35220 ALSANCAK/IZMIR TURKEY,TEL: 90 232 464 43 07,FAX: 90 232 421 58 64,,,,,,,
20180101203,"APEX MARITIME (SHANGHAI) CO., LTD.",.,"RM1211,WANJIAO PLAZA, SHANGHAI 31 2",00002 CN,,,,,,,,
20180101204,DHL GLOBAL FORWARDING MALAYSIA SDN,"LEVEL 9, MCT TOWER ONE CITY, JALAN",SUBANG JAYA SELANGOR,MALAYSIA,,,,,,,Telephone Number,8023 5016 8023 5016
20180101205,GATES POWERTAIN PLAS MET,MAK. SAN VE TIC LTD STI CINAR,SK NO 11 EGE SERBEST BOLG,GAZIEMIR 34510,TURKEY,,,,,,,
20180101206,ERENLI SAC PROFIL KAUCUK,VE PLASTIK SANAYI TIC AS302,SOK NO 14 2 SAN.SIT BORNOVA,IZMIR (SMYRNA),TURKEY,,,,,,,
20180101207,TRANS WORLD TRADING & SERVICES,HK CO.LTD. 610 NATHAN ROAD.MONGKOK,"KOWLOON,ROOM N.1117",HONG KONG,HONG KONG,,,,,,,
20180101208,M.YAHYA M.YOUSUF BARI,"D-107, TEXTILE AVENUE,","S.I.T.E., KARACHI - PAKISTAN",,,,,,,,,
20180101209,M.YAHYA M.YOUSUF BARI,"D-107, TEXTILE AVENUE,","S.I.T.E., KARACHI - PAKISTAN",,,,,,,,,
20180101210,NMTC B V DBA NMT LINES,GORSLAAN 30,1441 RG PURMEREND RG,NETHERLANDS,,,,,,,Telephone Number,PH: +1 727-888-3744
20180101211,NMTC B V DBA NMT LINES,GORSLAAN 30,1441 RG PURMEREND RG,NETHERLANDS,,,,,,,Telephone Number,PH: +1 727-888-3744
20180101212,CWL MEXICO S DE RL DE CV,AVE PASEO DE LA REFORMA 373 INT 8B,"COL. CUAUHTEMOC, MPIO. CUAUHTEMOC",CIUDAD DE MEXICO,,,,,,,Telephone Number,CP 06500 RFC CME090205NS5
20180101214,LAKHANI DYESTUFFS PVT.LTD.,"PLOT NO:15,16 & 21/11,CHIKLOLI","MORIVLI MIDC, SWASTIK COMPOUND",,,AMBERNATH,,,IN,,,
20180101215,COSTA GRANITOS LTDA,R ATALYDES MOREIRA DE SOUSA N 502,CIVIT I,SERRA 29168,BRAZIL,,,,,,,
20180101216,COSTA GRANITOS LTDA,R ATALYDES MOREIRA DE SOUSA N 502,CIVIT I,SERRA 29168,BRAZIL,,,,,,,
20180101217,COSTA GRANITOS LTDA,R ATALYDES MOREIRA DE SOUSA N 502,CIVIT I,SERRA 29168,BRAZIL,,,,,,,
20180101218,G K STONES INDIA PRIVATE LTD,"FLAT NO 3A,NO.21,RAIN TREE APTS","VENUS COLONY,2ND STREET,ALWARPET,CH",CHENNAI (MADRAS),INDIA,,,,,,,
20180101219,"FS MJD SUPPLY CHAIN CO.,LTD","RM.1906 A,BLOCK 2,THRIVEUNITED-IFC,","NO.1 SHILONG NAN ROAD,GUICHENG,NANH","AI DISTRICT,FOSHAN CITY,GUANGDONG,C",,,,,,,,
20180101220,SUN TA TOYS SDN BHD,10038 KAWASAN PERINDUSTRIAN ALOR,GAJAH 3,,,MELAKA,,78000,MY,TBA,Telephone Number,TBA
20180101222,AXIOM CORDAGES LIMITED,"BRANCH 2, GAT NO 114B & 120C","BETEGAON, BOISAR",BOISAR EAST,DIST.THANE 401501,,,,,,,
20180101223,TOPOCEAN CONSOLIDATION SERVICE (CHI,"ROOM 1504, HENGTAI BUILDING, NO.69",NINGBO 33 315000 CHINA,,,,,,,,,
20180101224,UPS SCS(MALAYSIA)SERVICES SDN BHD,313943,"NO.21, JALAN TIANG U8/93",SEKSYEN U8,BUKIT JELUTONG INDUSTRIAL PARK,,,,,,,
20180101226,COM E EXP DE MARM E GRAN ITAPOA,ROD BR 101 KM 394,RIO NOVO DO SUL 29290000 BR,,,,,,,,,
20180101227,SEAWAYS GOLDMAR,THE SKYPARK 8 ELLIOT PLACE GLASGOW,G3 8EP UNITED KINGDOM,,,,,,,,,
20180101229,VITORIA STONE INDUSTRIA E COMERCIO,RUA ATALYDES MOREIRA DE SOUZA SN,SERRA 29168055 BR,,,,,,,,,
20180101230,KUEHNE + NAGEL SA (VENEZUELA),"AV. FRANCISCO DE MIRANDA, ?CENTRO S",,,,CARACAS,,1060,VE,,,
20180101232,PT. BASIRIH INDUSTRIAL,JL. TELAGA BIRU TRISAKTI,BANJARMASIN 70245 INDONESIA,,,,,,,,,
20180101234,R.N. GUPTA & CO. LTD. UNIT-II,"TEH PAYAL, G.T. ROAD, DORAHA","LUDHIANA, PUNJAB 141421 PB IN",,,,,,,,,
20180101235,POINTER INVESTMENT (H.K.) LTD.,"RM.3202,WEST TOWER SHUN TAK CENTRE","200 CONNAUGHT ROAD, CENTRAL,",HONG KONG,,,,,,,,
20180101236,PT. SAKARI SUMBER ABADI,JL. RAYA GEMPOL - BANGIL,"DESA CANGKRINGMALANG, KECAMATAN","BEJI KABUPATEN PASURUAN,",JAWA TIMUR INDONESIA,,,,,,,
20180101237,"A.B.P. STAINLESS FASTENER CO., LTD.","1/38 MOO 5 ROJANA INDUSTRIAL PARK,","TUMBOL KANHAM, AMPHUR U-THAI,",AYUTTHAYA 13210 THAILAND.,,,,,,,Telephone Number,T.035-330-165-8
20180101238,GRANITO ZUCCHI LTDA,AV JACARAIPE 1423,JACARAIPE SERRA 29175217 BR,,,,,,,,,
20180101239,THOR JOERGENSEN A/S,THOR JOERGENSEN A/S,OESTBANEGADE 55,DK-2100 COPENHAGEN OE,,,,,,,,
20180101240,POLYPLASTICS ASIA PACIFIC SDN BHD,"LOT 135, GEBENG INDUSTRIAL ESTATE","P.O. BOX, 33, 26080 BALOK,",,,KUANTAN,PH,26080,MY,,,
20180101243,"ANHUI XINYUANDA CUPBOARD CO.,LTD.","YONGQIAO DISTRICT,CAO SUZHOU CITY",AH CHINA,,,,,,,,,
20180101244,R.N.GUPTA & CO LTD,"C - 55, FOCAL POINT,",PHASE 4,"LUDHIANA, PUNJAB 141010 PB IN",,,,,,,,
20180101245,AWESOME TOOLS DISTRIBUTORS (PTY)LTD,"UNIT D, 2 TARENTAAL CRESCENT",BRACKENFELL,,,CAPE TOWN,,7560,ZA,,,
20180101246,R.N.GUPTA & CO LTD,"C - 55, FOCAL POINT,",PHASE 4,"LUDHIANA, PUNJAB 141010 PB IN",,,,,,,,
20180101248,WEILONGXIN CRAFTS and GIFTS CO.LT,"Rm 1307, Wanhui Building, Longgang","SHENZHEN, 19 CN",,,,,,,,Telephone Number,075528635970
20180101251,EXPEDITORS INTERN. ROMANIA SRL,SOS ODAI NR.58,075100 OTOPENI,ROMANIA,,40-212062686 TEL,EX,40-21319,49,,,
20180101252,COMPENSADOS RELVAPLAC LTDA,RUA DOS MIGRANTES 800,IMBITUVA 84430000 BR,,,,,,,,,
20180101253,"CHINA INT'L FREIGHT CO., LTD","17TH FLOOR, XING TENG BUILDING, NO",SHANGHAI SH 200000,CHINA,,,,,,,Telephone Number,63743030 63743030
20180101254,"CHINA INT'L FREIGHT CO., LTD","17TH FLOOR, XING TENG BUILDING, NO",SHANGHAI SH 200000,CHINA,,,,,,,Telephone Number,63743030 63743030
20180101255,PUDONG PRIME INTERNATIONAL LOGISTIC,"ROOM 8-7,EAST CITY BUILDING NO.88",NINGBO 33 315000 CHINA,,,,,,,,,
20180101256,A2Z LOGISTICS INDIA PVT LTD,PVT LTD 16 MMTC,"COLONY 2ND MAIN NO 16,MMTC COLONY",ROAD NANGANALLURCHENNAI 600061,,,,,,,Telephone Number,CHENNAI IN
20180101257,XIAMEN ZHONGHENGXIN INDUSTRIAL,"CO.LTD. ROOM 412,NO598 JIAHE ROAD",HULI XIAMEN CHINA,,,,,,,,,
20180101258,P.T. COMEXTRA MAJORA,JALAN SALODONG NO.66,"MAKASSAR,,ID",,,,,,,,,
20180101260,FAVOURITE DESIGN SDN BHD,PLO 47 JALAN RAMI 3 KAWASAN,PERINDUSTRIAN BUKIT PASIR 84300,MUAR JOHOR MALAYSIA,,,,,,,,
20180101261,INOVWOOD SDN BHD,"8.7 KM, JALAN BATU SAPI, LOCKED","BAG NO. 70, 90009 SANDAKAN, SABAH,",MALAYSIA.,,,,,,,,
20180101262,ORIENT CONTAINERS SDN BHD,PUSAT DAGANGAN PHILEO DAMANSARA 1,"UNIT G707, BLOCK G. NO 9 JALAN","16/11, OFF JALAN DAMANSARA 46350",,,,,,,Telephone Number,"PETALING JAYA, SELANGOR, MALAYSIA"
20180101263,ALNAN ALUMINIUM INC.,"NO.55 TINGHONG ROAD NANNING,GUANGXI",CHINA PR CHINA,,,,,,,,,
20180101265,TIANJIN LIWEITIAN METAL TECHNOLOGY,UNIT 2 NO 1 TIANTONG ROAD INDUSTRIA,XINKAIKOU TOWN BAODI DISTRICT TIANJ,,,TIANJIN,,,CN,,,
20180101266,ORIENT CONTAINERS SDN BHD,PUSAT DAGANGAN PHILEO DAMANSARA 1,"UNIT G707, BLOCK G. NO 9 JALAN","16/11, OFF JALAN DAMANSARA 46350",,,,,,,Telephone Number,"PETALING JAYA, SELANGOR, MALAYSIA"
20180101267,XIAMEN OBAILI MANUFACTURING LTD,"45 BUILDING,HULI INDUSTRIAL PARK,ME","IXI RD,XIKE,TONGAN DISTRICT,XIAMEN",CNXMN,CHINA,,,,,,,
20180101268,NINGBO CSTAR IMP&EXP CO LTD.,"4F,BUILDING E,NO.655-90, QIMING ROA","D,YINZHOUINVESTMENT & INNOVATION CE",CNNGB,CHINA,,,,,,,
20180101271,"CHANG TYPE INDUSTRIAL CO., LTD.","NO.41, NAN CHUN ROAD","HOU LI HSIANG,",TAICHUNG CITY TW,,,,,,,,
20180101274,SEAMASTER GLOBAL FORWARDING (SHANGH,TOLL GLOBAL FORWARDING (HONG KONG),TIANJIN 12 300203 CHINA,,,,,,,,,
20180101275,"EURO LINE GLOBAL CO., LTD.",.,"1F, SANG-NOK BLDG, 19 YANGHWA-RO SE",OUL 04027 KR,,,,,,,,
20180101278,HELKA GLOBAL LOGISTICS LIMITED,"ROOM1708,LIXIN PLAZA,90# HUBIN",SOUTH ROAD,"XIAMEN,CHINA",TEL:0592-2278310 FAX:0592-2278319,,,,,,,
20180101279,ETG COMMODITIES INC,6220 SHAWSON DR,L5T 1J8 MISSISSAUGA,CANADA,,1-4169004148 TEL,EX,1-416900,41,,,
20180101280,"SOGDA LIMITED, INC","512 6TH STREET SOUTH, SUITE 201,","KIRKLAND, WA 98033 USA",,,1-6044217552 TEL,EX,1-604421,75,,,
20180101282,"AIR TIGER EXPRESS(ASIA),INC.","ROOM#601-603,HUAYIN MANSION JIA,NO.",QINGDAO 37 266071 CHINA,,,,,,,,,
20180101283,"ANHUI JIANLIAN WOOD PRODUCTS CO.,LT",SOUTH OF XINGGUO ROAD DUANYUAN,INDUSTRIAL ZONE HUAIBEI CITY CHINA,,,,,,,,,
20180101284,LII HEN FURNITURE SDN. BHD.,"PLO 43,44, BUKIT PASIR INDUSTRIAL","ESTATE, 84300 MUAR, JOHOR MALAYSIA",,,,,,,,,
20180101285,HUBEI DONGFENG JC AUTO SHOCK,ABSORBER INCORPORATED CO LTD,"8,XIHUAN RD MOCHOUHU DEVELOPMENT","ZONE,ZHONGXIANG HUBEI CHINA",,,,,,,,
20180101286,JAPP FURNITURE COLLECTION PAK-PRIME,INTERNATIONAL INC. STONESETS INTERN,"ATIONAL,INC.",PACIFIC TRADERS MANUFACTURING CORP.,,CEBU,,,PH,,,
20180101287,"YINDU KITCHEN EQUIPMENT CO.,LTD.",NO.1 XINGXING ROAD XINGQIAO DISTRIC,T YUHANGHANGZHOU OF CHINA,,,,,,,,,
20180101289,SAFETY ZONE RESOURCES SDN. BHD.,"NO.47B, JALAN SS 2/75, 47300","PETALING JAYA, SELANGOR, MALAYSIA",,,,,,,,,
20180101291,PT. BASIRIH INDUSTRIAL,JL. TELAGA BIRU TRISAKTI,BANJARMASIN 70245 INDONESIA,,,,,,,,,
20180101292,TIANJIN DINGTAIYUAN SCIENCE AND,TECHNOLOGY CO LTD HAITAIHUAKE,"THREE RD,NO.1 NO.7,ROOM101","HUAYUAN INDUSTRIAL DISTRICT,TIANJIN",,,,,,,,
20180101293,PT. BASIRIH INDUSTRIAL,JL. TELAGA BIRU TRISAKTI,BANJARMASIN 70245 INDONESIA,,,,,,,,,
20180101294,"YF GLOBAL TRADE CO.,LTD NO.113,LV","YOU XI ROAD,BA BU DISTRICT,HE ZHOU,",GUANGXI CHINA,,,GUANGXI,,,CN,,,
20180101296,HL RUBBER INDUSTRIES SDN BHD,"LOT 10, KAWASAN PERINDUSTRIAN DIOH","72000 KUALA PILAH,","NEGERI SEMBILAN,MALAYSIA",,,,,,,,
20180101297,EFFIMAX COMPANY LIMITED,"FLAT A,11/F CONTINENTAL ELECTRIC",BLDG 17,WANG CHU RD KOWLOON BAY KLN,HONGKONG,,,,,,,
20180101298,"HENAN MINGTAI AL.INDUSTRIAL CO.,LTD",HUIGUOZHEN GONGYI HENAN CHINA 45128,"GONGYI,HENAN,CN",,,,,,,,,
20180101299,"CONTAINER FREIGHT SERVICES, INC.",UNIT 3 AWPM BUILDING M.C. BRIONES S,MANDAUE CITY CEBU 6014,PHILIPPINES,,,,,,,Telephone Number,3447839
20180101300,"WUXI ANSHIDA HARDWARE CO., LTD.","GANGDONG VILLAGE, DONGGANG TOWN W","UXI CITY, JIANGSU, CHINA",,,,,,,,,
20180101301,"FASTGROW INTERNATIONAL CO., INC.","FLAT A-G, 26/F, TIANXING RIVERFRON",TIANJINXINGANG 12 300171 CHINA,,,,,,,,,
20180101302,SHANGHAI PUDONG INT'L TRANSPORTATIO,"BOOKING DEPT.,12TH FL.,HUALUN HOTEL",SHANGHAI 31 200080 CHINA,,,,,,,,,
20180101303,TOPOCEAN CONSOLIDATION SERVICE (CHI,"ROOM 1504, HENGTAI BUILDING, NO.69",NINGBO 33 315000 CHINA,,,,,,,,,
20180101304,DUTCH PLANTIN COIR INDIA PVT LTD,"22, MANI RAJANNA GARDENS",,,,COIMBATORE,TN,641005,IN,,,
20180101305,NXSTAGE GMBH & CO. KG,ANNA-VANDENHOECK-RING 24,37081 GOETTINGEN,,,GERMANY,,37081,DE,,,
20180101306,"JING BO VIETNAM CO.,LTD",N11 BLOCK N2 STREET NAM TAN UYEN MO,INDUSTRIAL PARK TAN UYEN DIST,"BINH DUONG,,VN",,,,,,,,
20180101307,CHEMPONT INTERNATIONAL GROUP,"LIMITED 15 F,RADIO CITY,505","HENNESSY ROAD,CAUSEWAY BAY,",HONG KONG,,,,,,,,
20180101308,CHEMPONT INTERNATIONAL GROUP,"LIMITED 15 F,RADIO CITY,505","HENNESSY ROAD,CAUSEWAY BAY,",HONG KONG,,,,,,,,
20180101309,"APEX MARITIME CO.,LTD-QINGDAO",OFFICE,"1903,HUAYIN BUILDING,#5 DONGHAI",WEST ROAD TEL 0532-85708105 06,,,,,,,Telephone Number,FAX 0532-85708110
20180101310,DEESTONE INTERNATIONAL COMPANY LTD,4 MOO 7 BANGLANE-KOHRAT RD,BANGPLA SUB-DISTRICT,BANGLANE DISTRICT NAKHONPATHOM,73130 THAILAND,,,,,,,
20180101311,DEESTONE INTERNATIONAL COMPANY LTD,4 MOO 7 BANGLANE-KOHRAT RD,BANGPLA SUB-DISTRICT,BANGLANE DISTRICT NAKHONPATHOM,73130 THAILAND,,,,,,,
20180101312,HECNY TRANSPORTATION (M) SDN BHD,AS AGENT OF HECNY SHIPPING LIMITED,"NO.40-1 (1ST FLOOR), JALAN","RAMIN 2/KS07, BANDAR BOTANIC,",,,,,,,Telephone Number,"41200 KLANG, SELANGOR."
20180101313,TWT-TRANSWORLD TRANSPORTATION,"CO.,LTD",C/O GEMADEPT LOGISTICS,"16TH FL,180-192 NGUYEN CONG TRU STR","DIST 1, HOCHIMINH CITY, VIETNAM",,,,,,,
20180101314,"ORIENT EXPRESS CONTAINER CO.,LTD","19TH FLOOR,BUILDING NO.2FUYU CENTER",TIANJIN 12 300200 CHINA,,,,,,,,,
20180101315,DROM MARBLE PVT LTD,"199,200,201,207,A-B-C, IV TH PHASE","RIICO INDL. AREA, MADANGI, RAJASTHA",KISHANGARH 305801,INDIA,,,,,,,
20180101316,A2Z LOGISTICS INDIA PVT LTD,PVT LTD 16 MMTC,"COLONY 2ND MAIN NO 16,MMTC COLONY",ROAD NANGANALLURCHENNAI 600061,,,,,,,Telephone Number,CHENNAI IN
20180101317,A2Z LOGISTICS INDIA PVT LTD,PVT LTD 16 MMTC,"COLONY 2ND MAIN NO 16,MMTC COLONY",ROAD NANGANALLURCHENNAI 600061,,,,,,,Telephone Number,CHENNAI IN
20180101318,TIT BIT FOODS INDIA PVT LTD,"PLOT NO. A 55, T.T.C. INDL. AREA","MAHAPE,",NAVI MUMBAI 400 709,INDIA,,,,,,,
20180101319,RSG STONES,"B-25,DEV NAGAR",TONK ROAD,JAIPUR 302015 IN,,,,,,,,
20180101320,JK TYRE & INDUSTRIES LTD,"LINK HOUSE,","3 BAHADUR SHAH ZAFAR MARG,","NEW DELHI -110 002,INDIA",,,,,,,,
20180101321,JK TYRE & INDUSTRIES LTD,"LINK HOUSE,","3 BAHADUR SHAH ZAFAR MARG,","NEW DELHI -110 002,INDIA",,,,,,,,
20180101323,SPEED WAYS RUBBER COMPANY,SUCHI PIND BYE PASS G.T ROAD,JALANDHAR 144009 IN,JALANDHAR144009 IN,,,,,,,,
20180101324,ORIENT STAR INTERNATIONAL LOGISTICS,"71/30 BAROM-RATCHONANEE ROAD, ARO",BANGKOK NOI KRUNG THEP MAHANAKHON 1,THAILAND,,,,,,,Telephone Number,8848666
20180101325,ORIENT STAR INTERNATIONAL LOGISTICS,"71/30 BAROM-RATCHONANEE ROAD, ARO",BANGKOK NOI KRUNG THEP MAHANAKHON 1,THAILAND,,,,,,,Telephone Number,8848666
20180101327,R.N. GUPTA & CO. LTD. UNIT-II,"TEH PAYAL, G.T. ROAD, DORAHA","LUDHIANA, PUNJAB 141421 PB IN",,,,,,,,,
20180101328,DUTCH PLANTIN COIR INDIA PVT LTD,"22, MANI RAJANNA GARDENS",,,,COIMBATORE,TN,641005,IN,,,
20180101329,R.N. GUPTA & CO. LTD. UNIT-II,"TEH PAYAL, G.T. ROAD, DORAHA","LUDHIANA, PUNJAB 141421 PB IN",,,,,,,,,
20180101330,BLUEMOON LOGISTICS PVT LTD,B-56A 2ND FLOOR SECTOR-7,NOIDA 201 301 INDIA,AC SPEEDWAYS RUBBER COMPANY,,,,,,,,
20180101331,RS LOGISTICS LIMITED,"FLAT A, 17/F, REASON GROUP TOWER,","NO. 403-413 CASTLE PEAK ROAD,","KWAI CHUNG, N.T. HONG KONG",T 852-21218096 F 852-21218097,,,,,,,
20180101332,ITT ITALIA S.R.L.,VIA GIUSEPPE DI VITTORIO 14,,,,TERMOLI,,,IT,EXP. DEPT.,Telephone Number,+3908757531225
20180101332,ITT ITALIA S.R.L.,VIA GIUSEPPE DI VITTORIO 14,,,,TERMOLI,,,IT,EXP. DEPT.,Facsimile Number,+390875751785
20180101333,MOSCHOU S.A. MARMI-GRANITI,7TH KM THESSALONIKI-LAGADA ROAD,"THESSALONIKI, GR",,,,,,,,,
20180101335,IL BANGLA LIMITED,"DAKKHIN KONGSADI,VATPARA,NARSINGDI","SADAR NARSINGDI-1600,BANGLADESH",A C CENTURY DISTRIBUTION SYSTEMS,CHITTAGONG,,,,,,,
20180101336,BURGO GROUP SPA,"VIA PIAVE, 1",ALTAVILLA VICENTINA 36077 IT,,,,,,,,,
20180101337,"FASTGROW INTERNATIONAL CO., INC.","FLAT A-G, 26/F, TIANXING RIVERFRON",TIANJINXINGANG 12 300171 CHINA,,,,,,,,,
20180101338,DAHNAY LOGISTICS PVT LTD,904 SHIVALIK HIGH STREET,ABHISHILP BUILDING B H,"KESHAVBAGH VASTRAPUR,",,,,,,,Telephone Number,"AHMEDABAD,GUJARAT-380015"
20180101339,ASIAN TIRE FACTORY LTD,"D-37, FOCAL POINT",JALANDHAR PUNJAB,INDIA,,,,,,,,
20180101340,EXPEDITORS INTERNATIONAL (INDIA),310 ISCON ELEGANCE NEAR JAIN TEMPLE,"PRHALD NAGAR CROSS ROADS, SG HIGHWA","AHMEDABAD, GUJARAT 380 051",,91-2242911104,,,,,,
20180101341,EUSEBIO SPORTING BANGLADESH LTD,PLOT 38 47 52 59 KARNAPHULI EXPORT,PROCESSING ZONE NORTH PATENGA,,,CHITTAGONG,,4204,BD,,,
20180101344,JAS AS AGENT FOR BLUE WORLD LINE,"VIA RAFFAELLO SANZIO, 6/8",SEGRATE MI 20090,ITALY,,39-221692640 TEL,EX,39-02216,92,,,
20180101345,IMRAN TEXTILES,"PLOT NO. 8/18-A, SECTOR 12-C,","NORTH KARACHI INDUSTRIAL AREA,","KARACHI, PAKISTAN",,92-212725284 TEL,EX,92-21242,19,,,
20180101346,LABUAN FOOD INDUSTRIES SDN BHD,"UNIT NO. B2, LOT NO. 205 3151 211,","MANMOHAN'S PATAU-PATAU WAREHOUSE,",P.O.BOX 80103,87010 LABUAN,,,,,,,
20180101347,PT. BASIRIH INDUSTRIAL,JL. TELAGA BIRU TRISAKTI,BANJARMASIN 70245 INDONESIA,,,,,,,,,
20180101348,CHENG SHIN RUBBER IND CO LTD,8TH FLR WORLD TRADING VUILDING,NO.50 1ST SECTION SHIN-SHENG,"TAIPEI, , 10059",,TAIPEI,,,TW,,,
20180101349,ORIENT CONTAINERS SDN BHD,PUSAT DAGANGAN PHILEO DAMANSARA 1,"UNIT G707, BLOCK G. NO 9 JALAN","16/11, OFF JALAN DAMANSARA 46350",,,,,,,Telephone Number,"PETALING JAYA, SELANGOR, MALAYSIA"
20180101350,CV. DWI PUTRA ABADI,JL. WULUNG GG KENARI NO,284A DEPOK SLEMAN,YOGYAKARTA,INDONESIA,,,,,,,
20180101351,"THAI PATANA FROZEN CO.,LTD.","39/224 MOO2, BANGKRAJAO,MUANG,","SAMUTSAKORN,74000,TH",,,,,,,,,
20180101352,ANUNAY FAB LIMITED,SURVEY NO.138 PIRANA ROAD,"PIPLEJ,AHMEDABAD",GUJARAT 382405,INDIA,,,,,,,
20180101353,NINGBO YINZHOU HAISLAND MACHINERY C,"O.,LTDNO.959 CHENGXIN ROAD,YINZHOU","NINGBO,CHINA",,,,,,,,,
20180101354,SERCK SERVICES (GULF) LIMITED,OPP GARGASH SHOWROOM,"MERCEDS, INDUSTRIAL AREA 12",SHARJAH AE,,,,,,,,
20180101355,CORPORATE SPECIALISTS SDN. BHD.,"NO. 464, PBL 9, PARIT BAKAR","TENGAH, JALAN TEMENGGONG AHMAD,","84010 MUAR, JOHOR, WEST MALAYSIA",,,,,,,,
20180101357,TOPOCEAN CONSOLIDATION SERVICE (CHI,"ROOM 1504, HENGTAI BUILDING, NO.69",NINGBO 33 315000 CHINA,,,,,,,,,
20180101358,ACU-TRANSPORT COMPANY LIMITED,99/9 YENAKARD RD. CHONGNONSEE,YAN NAWA KRUNG THEP MAHANAKHON 1012,THAILAND,,,,,,,Telephone Number,2869501
20180101359,PT. WP LOGISTICS INTERNATIONAL,BUSINESS PARK KEBON JERUK BLOCK C1,"NO. 6, JL. RAYA MERUYA ILIR NO. 88","MERUYA UTARA JAKARTA BARAT-11620,",INDONESIA,,,,,,,
20180101360,LINDE (CHINA) FORKLIFT TRUCK CORP,"LTD NO.89 JINSHANG ROAD,","XIAMEN 361009,P.R.CHINA",CN,,,,,,,,
20180101361,KORMAN INTERNATIONAL (TAIWAN) LTD.,"7C-21 NO.5, SECTION 5, HSIN-YI ROAD",TAIPEI .,TAIWAN,,,,,,,Telephone Number,27238177 27238177
20180101362,APEX CONTAINER LINE (M) SDN BHD,.,SUITE 23A-05 LEVEL 23A CITY SQUARE,JOHOR BAHRU 80000 MY,,,,,,,,
20180101363,"LLIT (THAILAND) CO.,LTD.","911/9 MOO 5, KHAOKHANSONG,","CHONBURI,SRIRACHA,20110,TH",,,,,,,,,
20180101364,ART AND DECO S/C ETS ASSAB,FASS DELORME N 64 C,TEL +221 33 822 41 39,FAX +221 33 822 41 35,,,,,,,,
20180101365,"GRANDLINK LOGISTICS CO., LTD.",AS AGENT FOR TOLL GLOBAL,FORWARDING (HONG KONG) LIMITED,"79/345-350 SATHUPRADIT RD., CHONGNO",,66-22132666 TEL,EX,66-02213,26,,,
20180101366,EXPEDITORS INTERNATIONAL (INDIA),310 ISCON ELEGANCE NEAR JAIN TEMPLE,"PRHALD NAGAR CROSS ROADS, SG HIGHWA","AHMEDABAD, GUJARAT 380 051",,91-2242911104,,,,,,
20180101367,SVIZZ-ONE CORPORATION LTD.,HEAD OFFICE: 4 1-2 MOO 7 BANGLANE,"KOHRAT ROAD,BANG PLA SUB-DISTRICT,","BANGLANE DISTRICT,NAKHONPATHOM",,,,,,,,
20180101369,BEIJING KANG JIE KONG CARGO AGENT C,"5TH FLOOR, BUIDLING W-14,AIRPORT BU",DONGLI DISTRICT TJ 300040,CHINA,,,,,,,Telephone Number,58676001 84180505
20180101371,"MICHELIN SIAM CO.,LTD.","252 PHAHOLYOTHIN ROAD,","SAMSAEN NAI, PAYATHAI,",BANGKOK 10400 THAILAND,,,,,,,Telephone Number,TEL 66 0 2619 3000
20180101372,SVIZZ-ONE CORPORATION LTD.,HEAD OFFICE 4 1-2 MOO7 BANGLANE-,"KOHRAT ROAD,BANG PLA SUB-DISTRICT,","BANGLANE DISTRICT,NAKHONPATHOM",,,,,,,Telephone Number,"PROVINCE 73130,THAILAND"
20180101373,"MICHELIN SIAM CO.,LTD.","252 PHAHOLYOTHIN ROAD,","SAMSAEN NAI, PAYATHAI,",BANGKOK 10400 THAILAND,,,,,,,Telephone Number,TEL 66 0 2619 3000
20180101374,"MICHELIN SIAM CO.,LTD.","252 PHAHOLYOTHIN ROAD,","SAMSAEN NAI, PAYATHAI,",BANGKOK 10400 THAILAND,,,,,,,Telephone Number,TEL 66 0 2619 3000
20180101375,JIANGSU PRIME AUTO PARTS COMPANY LI,"GOLDEN BRIDGE INDUSTRIAL ZONE, XIN",DANYANG JS 212300,CHINA,,,,,,,Telephone Number,88159966
20180101376,GMR TRADING (M) SDN BHD,PLOT 98 JALAN PINANG TUNGGAL1,KAWASAN INDUSTRI RINGAN TAMAN,KEMPAS,SUNGAI PETANI 08000 MY,,,,,,,
20180101378,FORSAN LIMITED,"10TH FLOOR E-TRADE PLAZA,","NO.24 LEE CHUNG STREET,","CHAI WAN,HONG KONG.",TEL:852-2158 2372@,,,,,,,
20180101383,PT. INDO BESTINOX INDUSTRI,KAWASAN INDUSTRI TERBOYO SEMARANG,"BLOK N NO. 2 PINTU 5, KEL.","TRIMULYO, KEC. GENUK,KOTA SEMARANG",,,,,,,,
20180101384,A2Z LOGISTICS INDIA PVT LTD,PVT LTD 16 MMTC,"COLONY 2ND MAIN NO 16,MMTC COLONY",ROAD NANGANALLURCHENNAI 600061,,,,,,,Telephone Number,CHENNAI IN
20180101385,ECHJAY FORGINGS PVT. LTD,"HONAD VILLAGE, KHALAPUR TALUKA",( PUSHPAMAN FORGINGS DIVISION ),RAIGAD 410203,INDIA,,,,,,,
20180101388,SHANTI STONES & GRANITES P LTD,"B-219,G/F, GREATER KAILASH, PART-1",NEW DELHI - 110048,NEW DELHI 110048,INDIA,,,,,,,
20180101389,A2Z LOGISTICS INDIA PVT LTD,PVT LTD 16 MMTC,"COLONY 2ND MAIN NO 16,MMTC COLONY",ROAD NANGANALLURCHENNAI 600061,,,,,,,Telephone Number,CHENNAI IN
20180101390,SINABUDDY MINERAL CO LTD,20 JIANGZAI DONGFENG RD,,,,ZHENGZHOU,,,CN,,,
20180101393,ORIENT STAR TRANSPORT SDN BHD,"UNIT 530, 5TH FLOOR, DAMANSARA","INTAN, NO 1, JALAN SS 20/27,",PETALING JAYA SELANGOR,,,,,,,Telephone Number,47400 MALAYSIA
20180101394,PT. HECNY BAHARI INDONESIA,"WISMA HSBC 8TH FLOOR, SUITE 804 JL.",SEMARANG JT 50134 INDONESIA,,,,,,,,,
20180101396,AL -HAM INTERNATIONAL,SHOP NO 114 IST FLOOR REX CENTER,"ZAIBUNISSA STREET,SADDAR KHI",,,,,,,,,
20180101397,PACKWAY INC.,"56, 35TH ROAD, TAICHUNG IND PARK,","TAICHUNG, TAIWAN",,,,,,,,,
20180101398,KISWIRE SDN BHD,PLO 475 JALAN KELULI 2,PASIR GUDANG,MALAYSIA,,,,,,,,
20180101399,SIGNATURE DESIGNS (HONG KONG),"LTROOM 1313, 13F., HARBOUR CENTRE","TOWN NO 1, HOK CHEUNG STREET",HONG KONG,HONG KONG,,,,,,,
20180101400,M_R FORWARDING (CHINA) LTD XIAMEN B,"UNIT 08, 9TH FLOOR",HAITIAN LOGISTICS CENTRE 1,"HAITIAN ROAD HULI XIAMEN, CHINA",TEL_ 865925600650 FAX_ 865925600670,,,,,,,
20180101401,RISHI FIBC SOLUTIONS PVT.LTD,"7TH FLOOR, INDRA COMPLEX",SINDHWAI MATA CROSS ROAD MANJALP,VADODARA,INDIA,,,,,,,
20180101402,SHAKTI GRANITE,"PLOT NO.2,3,10 AND 11 ,VILL.RAMPURA","BEHIND RAJA GARDEN, GRANITE ZONE",AJMER,INDIA,,,,,,,
20180101403,"NEWLIFE MAGNETICS (VN) CO., LTD",BIEN HOA CITY,DONG NAI PROVINCE,DONG NAI PROVINCE,VIET NAM,,,,,,,
20180101409,"BALKRISHNA STEEL FORGE PVT LTD,",SHITALA MATA MANDIR ROAD,SURVEY NO.244/P SHAPAR (VERAVAL),RAJKOT 360002,INDIA,,,,,,,
20180101410,"FASTIC TRANSPORTATION CO.,LTD.","11F,NO.231,SEC.4, ZHONGXIAO","E.RD.TAIPEI,TAIWAN,R.O.C.",,,,,,,,,
20180101412,PANALPINA WORLD TRANSPORT (PRC) LTD,"XIAMEN BRANCH 2701-2702,STARWORLD","BLDG,NO.178,QIXINGXI RD,SIMING DIST","FUJIAN,XIAMEN 361012 AS AGENT FOR",,,,,,,Telephone Number,ON BEHALF OF PANTAINER (H.K.) LTD.
20180101415,CALCUTTA EXPORT COMPANY,"18, R. N. MUKHERJEE ROAD",KOLKATA - 700 001. INDIA,TEL: 91 33 2645 4569,,91-3322900711 TEL,EX,91-33229,00,,,
20180101416,AGILITY LOGISTICS PVT LTD,"2ND FLOOR, I.M.S HOUSEH.NO 6-3-1090",HYDERABAD TG 500082 INDIA,,,,,,,,,
20180101417,AGILITY LOGISTICS PVT LTD,"2ND FLOOR, I.M.S HOUSEH.NO 6-3-1090",HYDERABAD TG 500082 INDIA,,,,,,,,,
20180101419,"CHINA INT'L FREIGHT CO., LTD.","UNIT02-03. B-16/F, WORLD WIDE PLAZA",FUZHOU 35 350003 CHINA,,,,,,,,,
20180101421,AUROBINDO PHARMA LIMITED,PLOT NO.11 SURVEY NO.9 KONDAPUR,INDIA,HYDERABAD 500084 INDIA,,,,,,,,
20180101422,AUROBINDO PHARMA LIMITED,PLOT NO.11 SURVEY NO.9 KONDAPUR,INDIA,HYDERABAD 500084 INDIA,,,,,,,,
20180101423,GRASIM INDUSTRIES LIMITED,"10TH FLOOR, BIRLA AURORA,",INDIA,MUMBAI 400030 INDIA,,,,,,,,
20180101424,AIRLIFT TRANS OCEANIC PVT LTD,"NO.809, POONAMALLEE HIGH ROAD","KILPAUK, CHENNAI 600010",,,,,,,,,
20180101425,COOPERATIVA REGIONAL DE,CAFEICULTORES EM GUAXUPE LTDA.,RUA FREI GASPAR SANTOS SP 11010-151,BR,,,,,,,,
20180101428,MULTIMAR PARAGUAY S.A.,.,INDEPENDENCIA NACIONAL 811,FULGENCIO R. MORENO,,,,,,,,
20180101429,AGILITY LOGISTICS PRIVATE LIMITED,"5TH FLOOR, POLARIS BUILDING","OFF MAROL MAROSHI ROAD, MAROL NAKA","ANDHERI (EAST), MUMBAI-400059",,91-8025229265 TEL,EX,91-80309,78,,,
20180101434,"LF LOGISTICS (CHINA) CO., LTD.","7/F TOWER BLOCK,LI & FUNG PLAZA,NO.",SHANGHAI 31 201103 CHINA,,,,,,,,,
20180101436,ZHANJIANG HELI PLASTICS CO LTD,NO 19 JINYUAN ROAD MAZHANG TEDA,ZHANJIANG,ZHANJIANG CN,,,,,,,,
20180101437,SHOUGUANG JINXIANGYUAN HOME,"FURNISHING CO.,LTD.",EAST SIDE OF MIDDLE SECTION,"DEVELOPMENT ZONE,SHOUGUANG",CHINA,,,,,,,
20180101438,"XIAMEN ENRY IMP&EXP CO.,LTD","ROOM 906,FLOOR 9,NO. 27,XINGLONG RO",AD,"HULI,XIAMEN,361006,CHINA",,,,,,,,
20180101439,QINGDAO LAOSHAN TIANLONG HARDWARE C,"WANGGEZHUANG, LAOSHAN","QINGDAO, CHINA",QINGDAO,CHINA,,,,,,,
20180101441,XIAMEN DYMAK LTD.,"ROOM 03-05,UNIT 801,YIHUA CENTER,QI","SHAN ROAD,XIAMEN,CHINA",XIAMEN 361000 CN,,,,,,,,
20180101448,MAX-MARINE SHIPPING LIMITED.,"ROOM 608-610,HUAIHAI CHINA",TOWER NO.885 REN MIN ROAD,SHANGHAI,CHINA,,,,,,,
20180101449,NISSEI TSUSHO CORP.,"8,MAGANE-CHO,1-CHOME,","MINAMI-KU,YOKOHAMA","232-0021,JAPAN",,,,,,,,
20180101452,"CHENG SHIN RUBBER (XIAMEN) IND.,LTD",NO.15 XI BIN ROAD XING LIN,INDUSTRIAL DISTRICT XIAMEN CHINA,,,,,,,,,
20180101453,"ORIENT EXPRESS CONTAINER CO.,LTD.",XIAMEN BRANCH,"ROOM 2802,ZHONG MIN BUILDING,","NO.72,HUBIN NORTH ROAD,","SIMING DISTRICT,XIAMEN CHINAX",,,,,,,
20180101455,APEX POWER INC,"60 MARKET SQUARE, BELIZE CITY,",BELIZE,,,,,,,,,
20180101456,BAODING DRAGON BUILDING MATERIAL CO,LTD,NO16 INDUSTRY ROAD LIXIAN COUNTY,HEBEICHINA,LIXIAN CN,,,,,,,
20180101458,"WEIFANG CP MACHINERY CO.,LTD",NO.268 YUHE ROAD,,,,WEIFANG,,,CN,,,
20180101459,"XIAMEN FABRICATING CO., LTD.","NO.19,XIBIN RDXINGLIN JIMEI DIST.",,,,XIAMEN,,,CN,,Telephone Number,+86865926079731
20180101460,BEIJING KANG JIE KONG INTL CARGO AG,"RM 1507-1508,INTL FINANCIAL CENTER",ZHONGSHAN GD 528400,CHINA,,,,,,,Telephone Number,88886862
20180101462,KOSSAN LATEX INDUSTRIES (M) SDN BHD,"LOT 6129, JALAN HAJI","ABDUL MANAN,, BATU 5 1/4, OFF JALAN","KLANG SELANGOR DARUL EHSAN,SELANGMY",,,,,,,,
20180101463,SINO CONNECTIONS LOGISTICS INC.,"UNIT 03,11/F,HUNG CHEONG PLAZA,NO.2",SHENZHEN 44 518000 CHINA,,,,,,,,,
20180101464,SILVESTRIS ES SZILAS KFT,VASUT UTCA 42,KEREPES 2144 HU,,,,,,,,,
20180101465,PYRAMID LINES LIMITED,"LEVEL 54, HOPEWELL CENTRE 183 QUEEN",HONG KONG .,HONG KONG,,,,,,,Telephone Number,29420235 29420235
20180101466,C.O.S PRINTERS PTE LTD,9 KIAN TECK CRESCENT,JURONG,,,SINGAPORE,,628875,SG,,,
20180101468,"GUANGZHOU FOUR E'S SCIENTIFIC CO.,","NO.2 RUITAI ROAD, HUANGPU DISTRICT,",GUANGZHOU CN,,,,,,,,,
20180101470,BEIJING KANG JIE KONG INTERNATIONAL,"NO. 99 XIANG YU RD.UNIT 406,TOWER E",XIAMEN FJ 361000,CHINA,,,,,,,Telephone Number,2261897
20180101472,BALKRISHNA INDUSTRIES LIMITED,"BKT HOUSE, C/15, TRADE WORLD,","KAMALA MILL COMP., S.B. MARG,",,,MUMBAI,MH,400013,IN,,,
20180101474,PRINCE ART EXPORTER,F-288-289 M.I.A.,IIND PHASE BASNI,JODHPUR,RAJASTHAN 342005 IN342005 IN,,,,,,,
20180101475,SHANTI STONES & GRANITES P LTD,"B-219,G/F, GREATER KAILASH, PART-1",NEW DELHI - 110048,NEW DELHI 110048,INDIA,,,,,,,
20180101476,A2Z LOGISTICS INDIA PVT LTD,PVT LTD 16 MMTC,"COLONY 2ND MAIN NO 16,MMTC COLONY",ROAD NANGANALLURCHENNAI 600061,,,,,,,Telephone Number,CHENNAI IN
20180101482,FLUX MARINE INTERNATIONAL LTD.,TRIDENT CHAMBERS PO BOX 146,TORTOLA ROAD TOWN,"VIRGIN ISLANDS, BRITISH",,,,,,,,
20180101483,REFLECTING WATERS CORP.,"3411 SILVERSIDE ROAD, TATNALL BUILD",WILMINGTON DELAWARE 19810,USA,,,,,,,,
20180101484,ECHO MARINE VENTURES LLC,"3411 SILVERSIDE ROAD, RODNEY BUILDI",DE 19810 WILMINGTON,USA,,,,,,,,
20180101485,OLIVE DEVELOPMENTS LLC,760 MASTHA DRIVE KEY BISCAYNE,MIAMI FL 33149,USA,,,,,,,,
20180101486,SMOOTH SEAS INC.,"3411 SILVERSIDE ROAD, TATNALL BUILD",DELAWARE 19810 WILMINGTON,USA,,,,,,,,
20180101487,SWAN MARINE VENTURES LTD.,O'NEAL MARKETING ASSOCIATES BUILDIN,PO BOX 4493 ROAD TOWN TORTOLA,"VIRGIN ISLANDS, BRITISH",,,,,,,,
20180101488,THE GREATEST BOAT INC.,"3411 SILVERSIDE ROAD, TATNALL BUILD",DELAWARE 19810 WILMINGTON,USA,,,,,,,,
20180101489,HECNY SHIPPING LIMITED,"BLOCK EAST, 43/F, INT'L TRADE CENTR",SHENZHEN 44 518014 CHINA,,,,,,,,,
20180101492,SEA CORP LLC,1413 20TH STREET,33139 FL MIAMI BEACH,USA,,,,,,,,
20180101493,PT ATLANTIC CONTAINER LINE,JAKARTA AS AGENT FOR TOLL,GLOBAL FORWARDING HONGKONG,LTD KOKAN PERMATA KELAPA,,62-214509477 TEL,EX,62-21450,94,,,
20180101494,AIRLIFT TRANS OCEANIC PVT LTD,FLAT NO. A-2 GROUND FLOOR SECTOR 21,UDYAAN APPARTMENT,JODHPUR - 342008,,91-4443916650 TEL,EX,91-44439,16,,,
20180101495,JAS FORWARDING WORLDWIDE PVT LTD,AS AGENT FOR BLUE WORLD LINE,215 ATRIUM B WING 103 104 105,OPPOSITE DIVINE CHILD HIGH SCHOOL,"ANDHERI KURLA ROAD ,ANDHERI EAST",,,,,,,
20180101496,"LOTTE GLOBAL LOGISTICS CO., LTD.","11F YONSEI SEVERANCE B/D,",04527,,,"TONGIL-RO, JUNG-GU,",11,,KR,,,
20180101497,BLUEMOON LOGISTICS PVT LTD,B-56A 2ND FLOOR SECTOR-7,NOIDA 201 301 INDIA,A/C PRINCE ART EXPORTER,,,,,,,,
20180101498,EASTWAY EXPRESS LINE SDN BHD,"130B JL SUTERA TANJUNG 8/3,TAMAN SU",JOHOR BAHRU 81300 MALAYSIA,,,,,,,,,
20180101500,"DSV AIR & SEA CO., LTD. XIAMEN",BRANCH AS AGENT FOR DSV OCEAN,"TRANSPORT A/S SUITE 2501, 25/F,","THE BANK CENTER, NO. 189, XIAHE","ROAD,XIAMEN 361003 CHINAX",,,,,,,
20180101501,GLOBAL EXPORTS,X116 KARATTIL BUILDING,PARIYARAM KOTTAYAM KERALA 686 01 I,,,,,,,,,
20180101502,SEA MASTER LOGISTICS INC.,"19 FLOOR, HENGTAI","NINGBO, ZHEJIANG, CHINA 315000",,,"BUILDING,NO.69,CHEJ",33,,CN,,,
20180101503,HONOUR LANE SHIPPING LTD.,.,"ROOM 1501, 15 F., TOWER 2, NINA TOW",HONG KONG 999077 HK,,,,,,,,
20180101504,DLHI CO LTD,152-21 OEGUKGIEOP-RO SABAM-MYEON,SACHEON -SI GYEONGSANGNAM-DO,REPUBLIC OF KOREA ATTN DAVID CS,,,,,,,Telephone Number,LEE TL:+82-70-7495-6772
20180101505,SUNGGWANG CO LTD,48 DONGBU-RO 1602,BEON-GIL JINSEONG-MYEON,JINJU-CITY CYEONGNAM KOREA,,,,,,,,
20180101506,"ULP CO., LTD.","129-19, CHEOYONGSANEOP-RO,ONSAN-","EUP ULJU-GUN, ULSAN 689892 REPUBLIC",OF KOREA CONTACT: S.H. JUNG,,,,,,,Telephone Number,TEL:82-52-922-9595
20180101507,PANALPINA WORLD TRANSPORT (I) P.L,"5TH FLOOR, ORCHID BUSINESS PARK,","SEC-48, SOHNA RD, 8 GURUGRAM 122018",INDIA AS AGENT FOR AND ON BEHALF OF,,91-2242327200 TEL,EX,91-22677,17,,,
20180101508,"AIR TIGER EXPRESS(ASIA),INC.","ROOM#601-603,HUAYIN MANSION JIA,NO.",QINGDAO 37 266071 CHINA,,,,,,,,,
20180101509,APL LOGISTICS INDIA PVT. LTD.,AS AGENTS APL LOGISTICS LTD,OBO IKEA TRADING INDIA PVT.LTD.,"A-10/5, VASANT VIHAR",,91-2233407600 TEL,EX,91-22334,07,,,
20180101510,A2Z LOGISTICS INDIA PVT LTD,PVT LTD 16 MMTC,"COLONY 2ND MAIN NO 16,MMTC COLONY",ROAD NANGANALLURCHENNAI 600061,,,,,,,Telephone Number,CHENNAI IN
20180101511,DEXTRANS WORLDWIDE PHILIPPINES INC.,3 STA. AGUEDA PASCOR DRIVE,PARANAQUE CITY 1700 MANILA,PHILIPPINES,,,,,,,,
20180101513,"CHIYE GLASS BEAD (HEBEI) CO., LTD",YIBEI INDUSTRY AND TRADE ZONE,"CAOJIAWU, YONGQING COUNTY, LANGFANG",LANGFANG,CHINA,,,,,,,
20180101514,"CHIYE GLASS BEAD (HEBEI) CO., LTD",YIBEI INDUSTRY AND TRADE ZONE,"CAOJIAWU, YONGQING COUNTY, LANGFANG",LANGFANG,CHINA,,,,,,,
20180101515,"FOSHAN SHUNDE HUASIDA TRADING CO.,",LTD,"NO. 22,RONGYANG ROAD,LUNJIAO,SHUNDE","FOSHAN,GUANGDONG,CHINA",,,,,,,,
20180101516,UT METAL CO LTD,CHA YUAN INDUSTRIAL ZONE QIU CHANG,"TONW, HUIZHOU CITY,","GUANGDONG, CHINA 516221",,,,,,,,
20180101517,XIAMEN COMFORT SCIENCE & TECHNOLOGY,"168 QIANPU RD, XIAMEN,",FUJIAN CN,,,,,,,,,
20180101518,"ORIENT EXPRESS CONTAINER CO., LTD.,","ROOM 2802,ZHONG MIN BUILDING,","NO.72,HUBIN NORTH ROAD, SIMING","DISTRICT,XIAMEN CHINA",CHINA,,,,,,,
20180101519,LINDE (CHINA) FORKLIFT TRUCK CORP,"LTD NO.89 JINSHANG ROAD,","XIAMEN 361009,P.R.CHINA",CN,,,,,,,,
20180101520,DHL GLOBAL FORWARDING (CANADA) INC,230 - 13091 VANIER PL,V6V 2J1,,,"RICHMOND, BC",BC,V6V2J1,CA,,,
20180101521,"FUJIAN RONGFENG PLASTIC CO.,LTD",GUANTOU INVESTMENT ZONE LIANJIANG,"COUNTY, FUJIAN PROVINCE, CHINA",,,,,,,,,
20180101522,XIAMEN DEYUAN PANMIN TRADING CO LTD,"ROOM 2002, XINJING TOWER A, NO 21,",JIAHE ROAD,SIMING DISTRICT,,XIAMEN,,,CN,,Telephone Number,+865928065759
20180101523,"YUMARK BANGKOK CO., LTD.","248 SOI RAMA 2 SOI 50, RAMA 2 RD,","SAMAEDUM BANGKHUNTIEN,","BANGKOK 10150, THAILAND",,,,,,,,
20180101524,"APEX MARITIME SHENZHEN CO., LTD","ROOM 1801 IN-LONG BUSINESS CENTER,","COMMERCIAL DAILY EAST ROAD,","FUTIAN DISTRICT,",,,,,,,Telephone Number,"SHENZHEN,GUANGDONG CHINA"
20180101526,DB BREWERIES LIMITED,1 BAIRDS ROAD,AUCKLAND,NEW ZEALAND,,,,,,,,
20180101528,"ZHONGCE RUBBER (THAILAND) CO.,LTD.","NO. 7 666 MOO.6 TUMBOL MABYANGPORN,","AMPHUR PLUAKDAENG, RAYONG 21140 TH",AILAND TEL : +(66)(0)38190481 M.P :,,,,,,,,
20180101529,LOTTE ADVANCED MATERIALS CO LTD,56 GOSAN RO UIWANG SI 16073,GYEONGGI DO SOUTH KOREA,,,,,,,,,
20180101533,CANTONK GUANGZHOU CORPORATION LTD,"1-5/F,BUILDING 3,JIAYUAN INDUSTRIAL","PARK,ECONOMIC & TECHNOLOGICAL",,,GUANGZHOU,,510530,CN,.,Telephone Number,.
20180101534,"GUANGZHOU OVANGO AUTO PARTS CO.,LTD",RM 2505 NO.72 HONGJING STREET LEJIA,"ROAD BAIYUN DISTRICT,GUANGZHOU",,,GUANGZHOU,,,CN,.,Telephone Number,.
20180101535,GZ KAIYUE PERFORMANCE EQUIPMENT CO.,"SELF-COMPILED 8,HUANGJINWEI SHUIZHA","SHIJING ST.,BAIYUN DISTRICT",,,GUANGZHOU,,,CN,.,Telephone Number,.
20180101536,"MCP PERCUSSION CO., LTD.","52, 52/1 MOO 4, SETTHAKIT RD.,","SAMUTSAKORN, 74110 TH",,,,,,,,,
20180101537,FOSHAN HUIPENG PRECISION HARDWARE,"CO.,LTD NO.8 INDUSTRY ROAD OF","QINGYUAN,LELIU TOWN SHUNDE",FOSHAN GUANGDONG CHINA,,,,,,,,
20180101539,GUANGZHOU PANYU BETA ELECTRONICS,"CO.,LTD.ON BEHALF OF BETTER",INTERNATIONAL GROUP LTD.BUILDING 2,,,GUANGZHOU,,,CN,,,
20180101540,DELMAR INTERNATIONAL(CHINA)INC.,"10 FLOOR,NO.7 BUILDING,NO.288","NINGXIA ROAD,QINGDAO,CHINA",,,,,,,,,
20180101542,"BEL TRADE WOOD INDUSTRIAL CO.,LTD Y",FUJIAN XIBIN XIADUN INDUSTRIAL,"ZONE YOUXI, FUJIA, CHINA",,,,,,,,,
20180101543,"BEL TRADE WOOD INDUSTRIAL CO.,LTD Y",FUJIAN XIBIN XIADUN INDUSTRIAL,"ZONE YOUXI, FUJIA, CHINA",,,,,,,,,
20180101544,"BEL TRADE WOOD INDUSTRIAL CO.,LTD Y",FUJIAN XIBIN XIADUN INDUSTRIAL,"ZONE YOUXI, FUJIA, CHINA",,,,,,,,,
20180101545,"BEL TRADE WOOD INDUSTRIAL CO.,LTD Y",FUJIAN XIBIN XIADUN INDUSTRIAL,"ZONE YOUXI, FUJIA, CHINA",,,,,,,,,
20180101546,ECU WORLDWIDE (GUANGZHOU) LIMITED,"UNIT 1817-1823, BAI HUI PLAZA 193",ZHONG SHAN WU ROAD,510030 GUANGZHOU (CHINA),,,,,,,Telephone Number,D: +86 20 83649778 EXT:315
20180101547,XUCHANG SHENGYUAN HAIR PRODUCTS,"CO., LTD. PRIVATE TECHNOLOGY","PARK, WEIDU DISTRICT XUCHANG",,,ZHENGZHOU,,,CN,,,
20180101548,"JUANCHENG XINHUA HAIR PRODUCTS CO.,","LTD THE EAST OF SUTUN VILLAGE,",SOUTH OUTER RING RD.,,,JUANCHENG,,,CN,,,
20180101549,XUCHANG COUNTY GEFEIER INDUSTRIAL,"CO., LTD THE MIDDLE SECTION OF",BENHE RD.,,,XUCHANG,,,CN,,,
20180101550,XUN XIAN RUILI HAIR PRODUCTS INC,"LIYANG INDUSTRIAL ZONE,XUN COUNTY,","HEBI CITY,",,,HENAN,,,SE,,,
20180101552,USI ELECTRONICS (SHENZHEN) CO LTD,USI ELECTONICS PARK NORTH OF,HIGH-TECH INDUSTRIAL PARK NANSHAN,CHINA(MAINLAND),,SHEZHEN,,,CN,,,
20180101553,U&I LOGISTICS CORPORATION,"NO.9, NGO GIA TU STREET,","THU DAU MOT CITY, BINH DUONG","PROVINCE, VIETNAM",,,,,,,,
20180101556,U&I LOGISTICS CORPORATION,"NO.9, NGO GIA TU STREET,THU DAU MOT","CITY BINH DUONG PROVINCE, VIET NAM",,,,,,,,,
20180101559,BARSAN GLOBAL LOJISTIK A.S.,LIMAN MAH.AKDENIZ BLV.,AKDENIZ IS MRK KAT4 NO15 ANTALYA,TEL:+902425020276,FAX:+902425020388,,,,,,,
20180101560,BARSAN GLOBAL LOJISTIK A.S.,LIMAN MAH.AKDENIZ BLV.,AKDENIZ IS MRK KAT4 NO15 ANTALYA,TEL:+902425020276,FAX:+902425020388,,,,,,,
20180101561,DE WELL CONTAINER SHIPPING (THAILAN,"HEAD OFFICE: 10G3, JEWELLERY CENTRE",BANGKOK 10500 THAILAND,,,,,,,,,
20180101562,"HUEI TYNG ENTERPRISE CO., LTD.",NO.30 KUNG YEH RD.FANG YUAN HSIANG,CHANGHUA TW,,,,,,,,,
20180101563,SCHENKER (THAI) LTD.,"3388/54-61,63,66-67 SIRINRAT BUILDI",BANGKOK 10110 THAILAND,,,,,,,,,
20180101564,"KIM HUY CO., LTD","27/3 DT-743 ST THUAN AN DIST.,","BINH DUONG PROVINCE , VIETNAM",,,,,,,,,
20180101565,UPS SCS (CHINA) LTD XIAMEN,BRANCH 1 F NO.53-57 QIXING ROAD,XIAMEN FUJIAN 361012 CN,XIAMEN FJ,,,,,,,,
20180101566,ROUNDTREE TIMBER SDN. BHD.,"LEVEL 12 AND 13, WISMA VASTY,","NO.15, ISLAND ROAD, P.O.BOX 1208,","SIBU, SAWAWAK, MALAYSIA SARAWAK 960",,,,,,,,
20180101567,PANALPINA WORLD TRANSPORT (PRC) LTD,"XIAMEN BRANCH 2701-2702,STARWORLD","BLDG,NO.178,QIXINGXI RD,SIMING DIST","FUJIAN,XIAMEN 361012 AS AGENT FOR",,,,,,,Telephone Number,ON BEHALF OF PANTAINER (H.K.) LTD.
20180101568,HOMESTAR CORP,"HOMESTAR INDUSTRIAL CAMPUS,QIAN RDF",UWAN DISTRICT,,,FUZHOU,,350001,CN,,,
20180101570,BEIJING KANG JIE KONG INTERNATIONAL,"NO. 99 XIANG YU RD.UNIT 406,TOWER E",XIAMEN FJ 361000,CHINA,,,,,,,Telephone Number,2261897
20180101571,APEX MARITIME (FUZHOU) CO. LTD.,ROOM 2403 FUJIAN INTERNATIONAL,YOUTH COMMUNICATION CENTER,NO.83 EAST STREET GULOU DISTRICT,,,,,,,Telephone Number,FUZHOU 350001 CHINA
20180101572,RELIABLE TREND SDN BHD,"NO. 11 & 13, JALAN BUDI 6, TAMAN","INDUSTRI WAWASAN, 83000 BATU PAHAT,","JOHOR, MALAYSIA.",,,,,,,,
20180101573,76 ONE MEMBER LIMITED LIABILITY COM,KIEUKY - GIALAM - HANOI - VIETNAM,,,,HA NOI,,,VN,,,
20180101575,"NINGBO QIANTONG COPPER CO.,LTD","NO.129 YOUTH RD.,CIXI,NINGBO,PR",ZHEJIANG,CHINA,,,,,,,,
20180101576,APEX MARITIME (FUZHOU) CO. LTD.,ROOM 2403 FUJIAN INTERNATIONAL,YOUTH COMMUNICATION CENTER,NO.83 EAST STREET GULOU DISTRICT,,,,,,,Telephone Number,FUZHOU 350001 CHINA
20180101577,MONDI GRONAU GMBH,JOEBKESWEG 11,GRONAU 48599 DE,,,,,,,,,
20180101578,DEEPAK FASTENERS LTD,M P PLANT DFL VILAGE KHOKHRI,DISTT SEHORE BHOPAL,INDORE,INDIA,,,,,,,
20180101579,"ORIENT EXPRESS CONTAINER CO., LTD","O/B HAI THAC CO., LTD","11F, 60 NGUYEN DINH CHIEU STREET,","DISTRICT 1, HCMC, VIETNAM",,,,,,,,
20180101580,"OEC LOGISTICS TIANJIN CO.,LTD","19TH FLOOR,BUILDING NO.2FUYU","CENTER,376 JIEFANG NAN ROAD,",TIANJIN 300200,,,,,,,Telephone Number,TEL 022-23288588 FAX 022-23241555
20180101581,0000 HQ HQ ASG KUWAIT,OEF AWCF SSF GCSS ARMY,CAMP ARIFJAN,KUWAIT CITY KW,,965-53082742,,,,,,
20180101583,CRANE WORLDWIDE LOGISTICS INDIA P,B-BLOCK 601-602 VIPUL SQUARE,6TH FLOOR SUSHANT LOK PHASE-1,122002 GURGAON,,91-1244989777 TEL,EX,91-12449,89,,,
20180101584,QUALITA GRANITOS E MARMORES LTDA,ROD BR 101 NORTE CONTORNO SN KM 2,CEP 29157 400 NOVA ROSA DA PENHA C,PHONE FAX 55 27 2124 3900,,,,,,,,
20180101586,INTERPORT GLOBAL LOGISTICS PVT.LTD,"S-5, 2ND FLOOR, SILVER SPRING, B/H","XAVIERS GIRLS HOSTEL, NAVRANGPURA,",AHMEDABAD-09 T=+917940073705,.,,,,,,,
20180101587,PYRAMID LINES LIMITED,"LEVEL 54, HOPEWELL CENTRE 183 QUEEN",HONG KONG .,HONG KONG,,,,,,,Telephone Number,29420235 29420235
20180101588,"SEAMASTER LOGISTICS, INC.",1370 VALLEY VISTA DRIVE SUITE 150,DIAMOND BAR CA,UNITED STATES,,,,,,,Telephone Number,3632400
20180101589,KERRY LOGISTICS (PHILS.) INC.,"5TH FLOOR, VICTORY 777 BUILDING 888","PLARIDEL STREET, UMAPAD, MANDAUE","CITY 6014 CEBU, PHILIPPINES",TEL:+63 032-5206101-122,,,,,,,
20180101590,CHINA INTERNATIONAL FREIGHT PHILS.,INC. - BRANCH,UNIT 3C MANDAUE WAREHOUSE PARK,"JAYME STREET PAKNAAN, MANDAUE CITY,","CEBU, PHILIPPINES 6014",,,,,,,
20180101591,ATOTECH CHEMICALS,NO 73,,,,GUANGZHOU,,,,,,
20180101592,CHINA INTERNATIONAL FREIGHT,CO. LTD.,UNIT02-03. B-16 F WORLD WIDE,PLAZA NO.158 WUSI ROAD,,,,,,,Telephone Number,FUZHOU FUJIAN 350003 CHINA
20180101593,GUIDONI ORNAMENTAL ROCKS LTDA,ROD GETHER LOPES DE FARIAS KM 48 Z,SAO DOMINGOS DO NORTE ES BRAZIL CE,PHONE 27 3742 0100 55 27 3742 010,,,,,,,,
20180101594,"JAS FORWARDING (CHINA) CO.,LTD.","XIAMEN BRANCH UNIT 2304-05,","GANGHANG BUILDING NO.29,","NORTH DONGGANG ROAD, XIAMEN,",,86-5922686585 TEL,EX,86-59226,86,,,
20180101595,"ANHUI Z&A IMPORT AND EXPORT CO.,LTD",Z&A BUILDING.251 JIXI ROAD,,,,HEFEI,,,CN,,,
20180101596,CASA CHINA LIMITED SHENZHEN,"ROOM 702-704,SZ-HK FILM CREATIVE PA",SHENZHEN 44 518000 CHINA,,,,,,,,,
20180101597,CASA CHINA LIMITED SHENZHEN,"ROOM 702-704,SZ-HK FILM CREATIVE PA",SHENZHEN 44 518000 CHINA,,,,,,,,,
20180101598,MARGRAMAR GRANITOS LTDA,RUA PEDRO LOPES,"N 100 BAIRRO NOSSA SRA,APARECIDA",ATILIO VIVACQUA,BRAZIL,,,,,,,
20180101599,HONOUR LANE SHIPPING LIMITED,"ROOM 601,YIHE CENTER,NO.3,XING","ZHONG ROAD,ZHONGSHAN","CITY,GUANGDONG PROVINCE, CHINA VAT",,,,,,,Telephone Number,NO.
20180101600,KUNSHAN ROCKTECH COMPANY LTD,ADDRESS:NO.721 NORTH BAILU ROAD,KUNSHAN JIANGSU CHINA,TEL:86-0512-55198740,,86-51250136503 TEL,EX,86-56160,77,,,
20180101601,DAMCO CHINA LIMITED XIAMEN BRANCH,ON BEHALF OF IKEA TRADING (HONG KON,"20F THE INTERNATIONAL BANK PLAZA,NO","LUJIANG ROAD 361001XIAMEN,CHINA",,86-5928126888 TEL,EX,86-57487,01,,,
20180101602,"XIAMEN BOSS-WELL INDUSTRIAL CO.,L","DONGFU MANAGE DISTRICT,","HAICANG PARK, 361027 XIAMEN,CHINA",,,86-5925118298 TEL,EX,86-59251,18,,,
20180101605,APAVISA PORCELANICO SL,"CTRA. CASTELLON-SAN JUAN DE MORO,HM",,,,SAN JUAN DE MORO,12,12130,ES,,,
20180101606,FAVOURITE DESIGN SDN BHD,"PLO47 JALAN RAMI 3, KAWASAN",PERINDUSTRIAN BUKIT PASIR 84300,"MUAR, JOHORE, MALAYSIA.",,,,,,,,
20180101607,KUEK BROTHERS FURNITURE SDN BHD,"60A, KAMPUNG PESERAI KECIL,","W/P SIMPANG LIMA,","83020 BATU PAHAT,",JOHOR.,,,,,,,
20180101608,SANN MUO ENTERPRISE CO. LTD.,"5F, NO.1, LANE 142, SEC.2,","PA TE RD., FENG SHAN DIST.,","KAOHSIUNG CITY, TAIWAN ROC",,,,,,,Telephone Number,TEL:07-7433133
20180101609,"RAY FORM INT'L ENTERPRISE CO., LTD.","3F., NO.21, LN.66, CHONGREN ST.,","EAST DIST., TAINAN CITY 70151,","TAIWAN, R.O.C.",,,,,,,,
20180101610,"GOFAST CO., LTD.","24F-2, #8, MIN-CHUAN 2ND RD.,",KAOHSIUNG TAIWAN ROC,,,,,,,,,
20180101611,CHIN LIH HSING PRECISION,"ENTERPRISE CO., LTD., NO.10,","LANE 711, CHUNG-CHENG ROAD,","SHU LIN DIST, NEW TAIPEI CITY,",,,,,,,Telephone Number,TAIWAN
20180101612,CHIN LIH HSING PRECISION,"ENTERPRISE CO., LTD., NO.10,","LANE 711, CHUNG-CHENG ROAD,","SHU LIN DIST, NEW TAIPEI CITY,",,,,,,,Telephone Number,TAIWAN
20180101613,CHIN LIH HSING PRECISION,"ENTERPRISE CO., LTD., NO.10,","LANE 711, CHUNG-CHENG ROAD,","SHU LIN DIST, NEW TAIPEI CITY,",,,,,,,Telephone Number,TAIWAN
20180101614,"NEW LAND LIGHTING(HK) INDUSTRY CO.,","LONGCHANG INDUSTRIAL ZONE#1,LONGHUA","ROAD,ZHOUWU DISTRICT, DONGGUAN CITY","GUANGDONG PROVINCE, CHINA",,,,,,,,
20180101615,"AURORA AUTO PARTS C.,LTD",NO. 34 SIBEI TONG JING ROAD,,,,GUANGZHOU,,,CN,,,
20180101616,IBS ASIA CORPORATION,"FLAT5,31 /F ,COM WEB PLAZA , 12 CHE",UNG STREET,LAI CHI KOK,,KOWLOON,,,HK,,,