identifier,notify_party_name,notify_party_address_1,notify_party_address_2,notify_party_address_3,notify_party_address_4,city,state_province,zip_code,country_code,contact_name,comm_number_qualifier,comm_number
2018010127,PANTOS LOGISTICS CANADA INC.,105 QUEENS PLATE DR UNIT,2ETOBICOKE ONTARIO M9W 7K4,TEL. 647 352-9243 FAX. 647 352-92,,,,,,,,
2018010128,GB PLASTIQUE INCE,"8023, RUE JARRY EST H1J 1H6",ANJOU QUEBEC CANADA CA,TEL 514 353 1336,,,,,,,Telephone Number,ATTN MR. JOE DE LUCA
2018010131,BP PRODUCTS NORTH AMERICA INC,301 E OCEAN BLVD 500 LONG BEACH,CA 90802 USA,,,,,,,,,
2018010132,"ZURN INDUSTRIES,LLC",3690 JURUPA ST,ONTARIO CA 91761,ONTARIO CA 91761 US,,,,,,,,
2018010155,URBAN ORIGINALS LLC,"SUITE 140, 21 NATOMA ST",FOLSOM CA 95630,USA,,,,,,,,
2018010159,AISHWARYA LOGISTICS,"4-24, SELLERS ST","KEARNY ,NJ 07032, USA",PH 201 955 9181 FAX 201 955 9185,,,,,,,,
2018010169,SEKO WORLDWIDE LLC - JFK,230-59 INTERNATIONAL AIRPORT,JAMAICA NY 11413 UNITED STATES,,,CENTER BLVD SUITE 1,NY,11413,US,,,
2018010170,DIRECT SERVICE INC.,"1209 JOHN REED COURT,",TEL:(626)956-8000 FAX:(626)956,,,"CITY OF INDUSTRY,CA",CA,91745,US,,,
2018010174,RIDHI SIDHI ENTERPRISES LLC,262 W 38TH STREET; SUITE NO 506,NEW YORK NY 10018,USA,,,,,,,,
2018010177,FW WAREHOUSING -MJ RESURRECTION,3700 CLEON STREET,SAINT LOUIS MO 63118,USA,,,,,,,,
2018010178,GENERICHEM CORPORATION,"5 TAFT ROAD,",TOTOWA NJ 07511-0457,USA,,,,,,,,
2018010179,SAM HEDAYA INC,295 5TH AVE SUIT 302,NEW YORK NY 10016,USA,,,,,,,,
2018010180,SAM HEDAYA INC,295 5TH AVE SUIT 302,NEW YORK NY 10016,USA,,,,,,,,
2018010182,ENCORE SHIPPING INC,125 E LAKE ST SUITE 204,BLOOMINGDALE IL 60108,PH 630 893 8700 FAX 630 893 8787,,,,,,,,
2018010183,ENCORE SHIPPING INC,125 E LAKE ST SUITE 204,BLOOMINGDALE IL 60108,PH 630 893 8700 FAX 630 893 8787,,,,,,,,
2018010184,VERTEX LOGISTICS INC.,105 ROCK HILL ROAD,ROCHESTER NY 14618,USA,,,,,,,,
2018010187,DEALS WHOLESALES CORP,ONE PASSAIC ST UNIT 76S,WOODRIDGE NJ 07075,USA,,,,,,,,
2018010197,BINEX LINE CORP. - CHICAGO,2700 COYLE AVE.,"ELK GROVE VILLAGE, IL 60007",TEL:847-952-1600 EXT.102,,1-7863910009,,,,,,
20180101101,LOGISTICS PAN-AMERICA CORP.,177-25 ROCKAWAY BLVD.#217 JAMAICA,NY 11434,TEL : 001-718-632-7888,,1-7186327888 TEL,EX,1-718632,87,,,
20180101111,"SHIP OVERSEAS, INC","6215 FERRIS SQUARE, SUITE 150","SAN DIEGO, UNITED STATES",PH:858-451-7282,,,,,,,,
20180101112,DARTRANS INC.,6610 TRIBUTARY STREET SUITE 101,"BALTIMORE, MD 21224 U.S.A.",PH.: 410-633-4450 EXT 105,,,,,,,,
20180101118,VASINEE FOOD CORPORATION,"1247 GRAND STREET,",BROOKLYN,"NY,11211,US",,,,,,,,
20180101119,SINO PACIFIC CUSTOMS BROKERAGE INC.,170 DUANE STREET 2C,NEW YORK NY 10013 UNITED STATES,,,,,,,,,
20180101120,PRIDE INTERNATIONAL,"2200 BROENING HIGHWAY, SUITE 230","BALTIMORE, MD 21224",ATTN.: KATRINA OR CINDY,,,,,,,Telephone Number,+1410-633-0033
20180101121,MRS.,RHEANNA SINNETT,1520 GORDON COVE DR.,"US ANNAPOLIS, MD 21403",,,,,,,Telephone Number,TEL: +01-443-852-1125
20180101122,MR. AND/OR MRS.,CARLOS AND/OR LUZ GUARDADO,1905 SOUTHRIDGE DR.,"US EDGEWOOD, MD. 21040",,,,,,,Telephone Number,TEL: +1-973-317-2993
20180101123,RANDALL S. WATKINS,214 GATESWOOD RD.,"21093 LUTHERVILLE/TIMOMIUM, MD",,,,,,,,,
20180101130,RTW LOGISTICS INC.,500 E CARSON PLAZA,"DR SUITE 218 CARSON, CA 90746, USA","TEL: (310) 237 5834,",,,,,,,Telephone Number,FAX: (310) 237 5836
20180101131,RTW LOGISTICS INC.,500 E CARSON PLAZA,"DR SUITE 218 CARSON, CA 90746, USA",TEL: (310) 237 5834,,,,,,,Telephone Number,FAX: (310) 237 5836
20180101132,RTW LOGISTICS INC,500 E CARSON PLAZA,"DR SUITE 218 CARSON, CA 90746, USA",TEL: (310) 237 5834,,,,,,,Telephone Number,FAX: (310) 237 5836
20180101133,RTW LOGISTICS INC,500 E CARSON PLAZA DR. SUITE 218,"CARSON, CA 90746",PHO:+1 310-237-5834,,,,,,,Telephone Number,FAX: +1 310-237-5836
20180101134,RTW LOGISTICS INC,500 E CARSON PLAZA,"DR SUITE 218 CARSON, CA 90746, USA",TEL: (310) 237 5834,,,,,,,Telephone Number,FAX: (310) 237 5836
20180101135,RTW LOGISTICS INC,500 E CARSON PLAZA DR. SUITE 218,"CARSON, CA 90746",PHO:+1 310-237-5834,,,,,,,Telephone Number,FAX: +1 310-237-5836
20180101137,WALTER KIDDE PORTABLE EQUIPMENT INC,1027 CORPORATE PARK DRIVE MEBANE N,C 27302 USA,,,,,,,,,
20180101138,SENTURY TIRE USA INC,"3121 NW 125TH STREET MIAMI,",FL 33167,MIAMI FL 33167 US,,,,,,,,
20180101140,COATING EXCELLENCE INTERNATIONAL,LLC 975 BROADWAY STREET,WRIGHTSTOWN WI 54180,USA,,,,,,,,
20180101141,COATING EXCELLENCE INTERNATIONAL,LLC 975 BROADWAY STREET,WRIGHTSTOWN WI 54180,USA,,,,,,,,
20180101142,COATING EXCELLENCE INTERNATIONAL,LLC 975 BROADWAY STREET,WRIGHTSTOWN WI 54180,USA,,,,,,,,
20180101143,COATING EXCELLENCE INTERNATIONAL,LLC 975 BROADWAY STREET,WRIGHTSTOWN WI 54180,USA,,,,,,,,
20180101145,COATING EXCELLENCE INTERNATIONAL,LLC 975 BROADWAY STREET,WRIGHTSTOWN WI 54180,USA,,,,,,,,
20180101148,GRANITE DEPOT OF NORTH FLORIDA LLC,2703 PHILIPS HIGHWAY,JACKSONVILLE FL 32207,USA,,,,,,,,
20180101149,AMERICAN QUARTZ & STONES INC,3500 SOUTH DUPONT HIGHWAY,DOVER DE 19901,USA,,,,,,,,
20180101151,CV INTERNATIONAL INC.,1128 WEST OLNEY ROAD,"NORFOLK, VA 23507",TEL 757-466-1170,FAX 757-466-1823,,,,,,,
20180101152,LAX IMPORT BROKERAGE CRANE,WORLDWIDE TRADE SERVICES 2501,W . ROSEGRANS AVE COMPTON,CA 90059 PH:310-765-2300,,,,,,,,
20180101153,LAX IMPORT BROKERAGE CRANE,WORLDWIDE TRADE SERVICES 2501,W . ROSEGRANS AVE COMPTON,CA 90059 PH:310-765-2300,,,,,,,,
20180101155,COATING EXCELLENCE INTERNATIONAL,LLC 975 BROADWAY STREET,WRIGHTSTOWN WI 54180,USA,,,,,,,,
20180101156,COATING EXCELLENCE INTERNATIONAL,LLC 975 BROADWAY STREET,WRIGHTSTOWN WI 54180,USA,,,,,,,,
20180101157,COATING EXCELLENCE INTERNATIONAL,LLC 975 BROADWAY,WRIGHTSTOWN WI 54180,USA,,,,,,,,
20180101158,COATING EXCELLENCE INTERNATIONAL,LLC 975 BROADWAY STREET,WRIGHTSTOWN WI 54180,USA,,,,,,,,
20180101159,COATING EXCELLENCE INTERNATIONAL,LLC 975 BROADWAY STREET,WRIGHTSTOWN WI 54180,USA,,,,,,,,
20180101160,MORAN GULF SHIPPING AGENCIES INC,122 W WAY ST 402 LAKE JACKSON TX,77566 USA,,,,,,,,,
20180101161,EURO QUARRIES,P.O.BOX 151 PARRISH.FL 34219,,,,,,,,,,
20180101167,RTW LOGISTICS INC.,500 E CARSON PLAZA,"DR SUITE 218 CARSON, CA 90746, USA","TEL: (310) 237 5834,",,,,,,,Telephone Number,FAX: (310) 237 5836
20180101168,RTW LOGISTICS INC.,500 E CARSON PLAZA,"DR SUITE 218 CARSON, CA 90746, USA","TEL: (310) 237 5834,",,,,,,,Telephone Number,FAX: (310) 237 5836
20180101169,RTW LOGISTICS INC.,500 E CARSON PLAZA,"DR SUITE 218 CARSON, CA 90746, USA","TEL: (310) 237 5834,",,,,,,,Telephone Number,FAX: (310) 237 5836
20180101170,RTW LOGISTICS INC.,500 E CARSON PLAZA,"DR SUITE 218 CARSON, CA 90746, USA","TEL: (310) 237 5834,",,,,,,,Telephone Number,FAX: (310) 237 5836
20180101171,RTW LOGISTICS INC.,500 E CARSON PLAZA,"DR SUITE 218 CARSON, CA 90746, USA","TEL: (310) 237 5834,",,,,,,,Telephone Number,FAX: (310) 237 5836
20180101173,ZHONGQIAO USA INTL CORP,9520 7TH ST SUITE A RANCHO,CUCAMONGA CA UNITED STATES 91730,,,,,,,,,
20180101174,PARRISH TIRE COMPANY INC.,5130 INDIANA AVENUE WINSTON SALEM,NC UNITED STATES 27106,,,,,,,,,
20180101175,LIBRA INTERNATIONAL INC,5815 E. SHELBY DR. MEMPHIS TN,UNITED STATES 38141,,,,,,,,,
20180101179,LF LOGISTICS USA LLC,"10350 HERITAGE PARK DRIVE,SUITE 200",SANTA FE SPRINGS CA 90670 UNITED ST,,,,,,,,,
20180101182,PKD LOGISTICS,5604 WENDY BAGWELL PARKWAY,"SUITE NO_223 HIRAM,GEORGIA-30141",TEL_6789674444 FAX_7706357621,,,,,,,,
20180101183,HECNY TRANSPORTATION INC.,1904 NW 62ND AVE,"MIAMI, FLORIDA 33126 USA",,,,,,,,,
20180101184,HECNY TRANSPORTATION INC (LAX),"19550 S. DOMINGUEZ HILLS DRIVE,","1RANCHO DOMINGUEZ, CA 90220.",TEL: 562-616-7888 FAX: 562-616-7895,,,,,,,Telephone Number,LAX`DCENTER HECNYUSA.COM
20180101185,KEY SAFETY SYSTEMS,7000 NINETEEN MILE ROAD,STERLING HEIGHTS MI 48314,USA,,,,,,,,
20180101187,EXPEDITORS INTERNATIONAL OF WASHING,"519 KAISER DRIVE, SUITE A",,,,,,,,,,
20180101188,"MTS LOGISTICS INC, USA",5 WEST 37TH STREET SUITE 300,NEW YORK NY 10018 UNITED STATES,,,,,,,,,
20180101189,HECNY TRANSPORTATION INC.,1904 NW 62ND AVE,"MIAMI, FLORIDA 33126 USA",,,,,,,,,
20180101190,HECNY TRANSPORTATION INC (LAX),"19550 S. DOMINGUEZ HILLS DRIVE,","1RANCHO DOMINGUEZ, CA 90220.",TEL: 562-616-7888 FAX: 562-616-7895,,,,,,,Telephone Number,LAX`DCENTER HECNYUSA.COM
20180101194,CUMMINS ENGINE CO. INC.,20 ZANE GREY RECEIVING LOC-372,EL PASO TX 79906,USA,,,,,,,,
20180101195,US PACIFIC TRANSPORT INC,"36-36 MAIN STREET, 6/FLOOR UNIT 6R",FLUSHING/QUEENS NY 11354 UNITED STA,,,,,,,,,
20180101196,BUILDING PRODUCTS OF AMERICA LLC,1127 S 56TH STREET,TAMPA FL 33619,USA,,,,,,,,
20180101198,RELIANCE GRANITE & MARBLE CORP,50 BORIGHT AVENUE,KENILWORTH NJ 07033,USA,,,,,,,,
20180101199,EASY STONES,5965 PEACHTREE CORNERS EAST,SUITE A5,"NORCROSS, GA 30071 US",,,,,,,,
20180101200,DAHNAY LOGISTICS USA INC,"#1 CRAGWOOD ROAD, SUITE 305A,","SOUTH PLAINFIELD,NJ-07080,USA",TEL 908-315-1500,,,,,,,Telephone Number,USA.OPS@DAHNAYLOGISTICS.COM
20180101201,RDD FREIGHT INTERNATIONAL INC,17425 RAILROAD ST.,CITY OF INDUSTRY CA 91748 UNITED ST,,,,,,,,,
20180101202,BARSAN GLOBAL LOGISTICS INC,17-09 ZINK PLACE SUITE#5 FAIR LAWN,NJ 07410 USA,TEL :+1 201 773 0730,FAX :+1 201 773 0731,,,,,,,
20180101203,SAME AS CONSIGNEE,.,"565 BREA CANYON RD., SUITE D WALNUT",CA 91789 US,,,,,,,,
20180101204,DHL GLOBAL FORWARDING,SUITE 520 5955 CORE ROAD,NORTH CHARLESTON SC 29406,UNITED STATES,,,,,,,Telephone Number,7603452 7603452
20180101205,GATES CORPORATION,2700 EARAHART COURT,5887 DENVER CO,HEBRON KY 41048,USA,,,,,,,
20180101206,GATES CORPORATION,2700 EARAHART COURT,5887 DENVER CO,HEBRON KY 41048,USA,,,,,,,
20180101207,DERNIS INTL MARKETING CO.,2600 RELIANCE DRIVE,"VIRGINIA BEACH, VIRGINIA 23452 USA",VIRGINIA BEACH VA,USA,,,,,,,
20180101208,BALTIC LINEN COMPANY,"2670 S. WESTERN AVE @ LAS VEGAS,",NV 89109 702-735-4973 @,TOLL FREE : 800-282-3041,,,,,,,,
20180101208,"ACTION CUSTOMS EXPEDITERS,INC",115 CHRISTOPHER COLUMBUS DRIVE,"JERSEY CITY, NJ 07302, USA",ATTN: HERB CHAVARRIA,TEL : 201 333 8888,,,,,,,
20180101209,BALTIC LINEN COMPANY,"2670 S. WESTERN AVE @ LAS VEGAS,",NV 89109 702-735-4973 @,TOLL FREE : 800-282-3041,,,,,,,,
20180101209,"ACTION CUSTOMS EXPEDITERS, INC",115 CHRISTOPHER COLUMBUS DRIVE,"JERSEY CITY, NJ 07302, USA",ATTN: HERB CHAVARRIA,TEL : 201 333 8888,,,,,,,
20180101210,NMT INTERNATIONAL SHIPPING DUBAI LL,"THE PALLADIUM, UNIT #1004, 10TH FLO",OR,"JUMEIRAH LAKES TOWERS, DUBAI",,,,,,,Telephone Number,UNITED ARAB EMIRATES
20180101211,NMT INTERNATIONAL SHIPPING DUBAI LL,"THE PALLADIUM, UNIT #1004, 10TH FLO",OR,"JUMEIRAH LAKE TOWERS, DUBAI",,,,,,,Telephone Number,UNITED ARAB EMIRATES
20180101212,KUWAIT COMMERCIAL AGENCY COMPANY,FOR HALLIBURTON OVERSEAS LIMITED,"WAREHOUSE NO. 1,",KGL WAREHOUSE FACILITY,,,,,,,,
20180101214,DYSTAR L. P.,9844-A SOUTHERN PINE BLVD.CHARLOTTE,,,,NORTH CAROLINA,,,US,,,
20180101214,"LESCHACO, INC.","4925 LACROSS ROAD, SUITE 110","NORTH CHARLESTON, SC",,,"NORTH CHARLESTON,SC",,,US,,,
20180101215,WAY 2 GO LOGISTICS,8359 BEACON BLVD,FORT MYERS FL 33907,USA,,,,,,,,
20180101216,WAY 2 GO LOGISTICS,8359 BEACON BLVD,SUITE 407,FORT MYERS FL 33907,USA,,,,,,,
20180101217,WAY 2 GO LOGISTICS,8359 BEACON BLVD,SUITE 407,FORT MYERS FL 33907,USA,,,,,,,
20180101222,"GENERAL WORK PRODUCTS, INC.",4912 MEHURIN STREET,"JEFFERSON, LA 70121, U. S . A.",70121,,,,,,,,
20180101223,TOPOCEAN CONSOLIDATION SERVICE (LAX,2727 WORKMAN MILL ROAD,CITY OF INDUSTRY CA 90601 UNITED ST,,,,,,,,,
20180101224,"UPS OCEAN FREIGHT SERVICES, INC.",FMC #016871N,3400 NW 74TH AVE SUITE 5 & 6,MIAMI FL 33122 US,,,,,,,,
20180101226,MU HOLDINGS INC DBA MARBLE UNIQUES,815 WEST JEFFERSON ST,TIPTON IN 46072 US,,,,,,,,,
20180101226,CMDU,CMDU,,,,,,,,,,
20180101227,TRANSMARINE NAVIGATION CORPORATION,1270 SPRINGBROOK ROAD SUITE D,WALNUT CREEK CA 94597,,,,,,,,,
20180101229,BLUE PLANET INC NJ,959 BETHEL AVE,PENNSAUKEN NJ 08816 US,,,,,,,,,
20180101229,CMDU,CMDU,,,,,,,,,,
20180101230,KUEHNE + NAGEL LTD (TRINIDAD),1ST FLOOR PORT ADMINSTRATION?BUILDI,,,,PORT OF SPAIN,,,TT,,,
20180101232,"TRANSINDO USA, INC.","355 SOUTH LEMON AVENUE, SUITE E","WALNUT, CA 91789",USA,,,,,,,,
20180101235,VICTORY MARITIME SERVICES USA,"13360 MOLETTE STREET.,","SANTA FE SPRINGS, CA 90670",,,,,,,,,
20180101236,ZENITH OCEAN SHIPPER ASSOCIATION,"210 DEHART MOTOR TERMINAL RD, SW","CONOVER, NC 28613",ATTN : BRIAN BAIERS,FAX: 828-465-7398,,,,,,,
20180101237,AMERICAN CARGO EXPRESS,"1610 GREENS RD SUITE 400,","HOUSTON TX 77032,","P.281-869-2800, F.281-869-2802",,,,,,,,
20180101238,BLUE PLANET INC,959 BETHEL AVE PENNSAUKEN,PENNSAUKEN NJ 08110 US,,,,,,,,,
20180101238,CMDU,CMDU,,,,,,,,,,
20180101239,MAERSK INC,MAERSK INC,"180 PARK AVE,BUILDING 105","PO BOX 950,FLORHAM PARK, NJ 07932",,,,,,,,
20180101240,NIPPON EXPRESS USA INC.,"10725 HARRIISON ROAD, SUITE 250","ROMULUS, MI 48174",,,ROMULUS,MI,48174,US,,,
20180101241,"PROCRAFT CABINETRY FLORIDE,LLC","1850 SOUTH POWERLINE RD,DEERFIELD B",EACH FL 33442,,,,,,,,,
20180101242,"PROCRAFT CABINETRY FLORIDE,LLC","1850 SOUTH POWERLINE RD,DEERFIELD B",EACH FL 33442,,,,,,,,,
20180101243,WORLDWIDE CUSTOMS SERVICES INC.,2505 NW 74 AVE MIAMI FL UNITED,STATES 33122,,,,,,,,,
20180101245,LEATHER GROUP INC,12106 NE AINSWORTH CIRCLE,PORTLAND OR,,,USA,OR,97220,US,,,
20180101251,EXPEDITORS INTL OF WA INC,18255 HUMBLE PARKWAY,HUMBLE TX 77338,U.S.A.,,1-2819132900 TEL,EX,1-281913,28,,,
20180101252,"EVERGREEN FOREST PRODUCTS, INC",578 SOUND AVE,WADING RIVER NY 11792 US,,,,,,,,,
20180101252,CMDU,CMDU,,,,,,,,,,
20180101253,"PNL LOGISTICS, INC.",SUITE 170 400 SOUTH ATLANTIC BOULEV,MONTEREY PARK CA 91754,UNITED STATES,,,,,,,Telephone Number,6568189 6568189
20180101254,"PNL LOGISTICS, INC.",SUITE 170 400 SOUTH ATLANTIC BOULEV,MONTEREY PARK CA 91754,UNITED STATES,,,,,,,Telephone Number,6568189 6568189
20180101255,PUDONG PRIME INTERNATIONAL LOGISTIC,"9660 FLAIR DRIVE, SUITE 488",EL MONTE CA 91731 UNITED STATES,,,,,,,,,
20180101256,ENCORE SHIPPING INC,125 E LAKE ST SUITE 204,BLOOMINGDALE IL 60108,PH 630 893 8700 FAX 630 893 8787,,,,,,,,
20180101257,SECURE CUSTOMS BROKER,10 FIFTH STREET SUITE 401 VALLEY,STREAM NEW YORK 11581 USA,,,,,,,,,
20180101258,VANDEGRIFT FORWARDING COMPANY INC.,"20 SOUTH CHARLES STREET, SUITE 501","BALTIMORE,MD,21201,US",,,,,,,,,
20180101260,ACME FURNITURE INDUSTRY INC.,"18895 E. ARENTH AVE., CITY OF","INDUSTRY, CA 91748 U.S.A.",,,,,,,,,
20180101261,TRANSINDO USA INC,"355 SOUTH LEMON AVENUE, SUITE E","WALNUT, CA 91789 PHONE : (909) 444-",0499 FAX : (909) 444-0509,,,,,,,,
20180101262,OEC SHIPPING LOS ANGELES INC,"13100 ALONDRA BLVD, SUITE 100",CERRITOS CA 90703,UNITED STATES,,,,,,,Telephone Number,EMAIL: ALL.LAX OECGROUP.COM
20180101265,TRANS-OVERSEAS CORPORATION,4700 36TH STREET S.E.,,,,GRAND RAPIDS,MI,49512,US,,,
20180101266,OEC SHIPPING LOS ANGELES INC,"13100 ALONDRA BLVD, SUITE 100",CERRITOS CA 90703,UNITED STATES,,,,,,,Telephone Number,EMAIL: ALL.LAX OECGROUP.COM
20180101274,"PEGASUS INTERNATIONAL, INC. (NVOCC)","1100 JORIE BLVD, SUITE 240",OAK BROOK IL 60523 UNITED STATES,,,,,,,,,
20180101275,BNS SHIPPING INC.,.,179-22 149TH ROAD JAMAICA NY 11434,US,,,,,,,,
20180101278,AMERICAN CARGO EXPRESS INC. -,ATLANTA,"170 PENNEY ROAD, SUITE A FOREST","PARK, GA 30297",TEL:404 684 0000 FAX:404-684 0021,,,,,,,
20180101279,ELSALAM FOR IMPORT & EXPORT,ELMADASHAT STREET MANSORA,EGYPT,,,20-122130598 TEL,EX,20-54280,83,,,
20180101280,MANEX D.O.O.,TRG DESPOTA STEFANA 24,KRUSEVAC-SERBIA,VAT 100323079,,381-951999161,,,,,,
20180101282,DYNA LOGISTICS,19516 SUSANA ROAD,RANCHO DOMINGUEZ CA 90221 UNITED ST,,,,,,,,,
20180101283,C&A HOME IMPROVEMENT INC.,"10 WOORUFF OAKS LN, GREENVILLE SC",29607 UNITED STATES,,,,,,,,,
20180101284,"HECNY TRANSPORTATION, INC.",1904 NW 82ND AVENUE,MIAMI FL 33126 USA,,,,,,,,,
20180101286,DAVID FRANCIS FURNITURE,3990 US HIGHWAY 1,,,,VERO BEACH,FL,32960,US,,Telephone Number,+18889055678
20180101289,THE SAFETY ZONE LLC,751 N.W. 33RD STREET,POMPANO BEACH FLORIDA,,,,,,,,,
20180101291,"TRANSINDO USA, INC.","355 SOUTH LEMON AVENUE, SUITE E","WALNUT, CA 91789",USA,,,,,,,,
20180101293,"TRANSINDO USA, INC.","355 SOUTH LEMON AVENUE, SUITE E","WALNUT, CA 91789",USA,,,,,,,,
20180101294,MASTER PRODUCTS CORP,CARRETERA NO.2 KM 20.6 BARRIO,CANDELARIO TOA BAJA PR 00949,,,PUERTO RICO,,,US,,,
20180101296,THE SAFETY ZONE LLC,385 LONG HILL RD,"GUILFORD, CT 06437",,,,,,,,,
20180101297,AVANTI PRODUCTS,"10880 NW 30TH STREET, MIAMI, FL","33172, USA","ATTN: GISELLE DRESDA, PHONE (305)",592-7830,,,,,,,
20180101299,"UNIVERSAL SHIPPING, INC.",10395 NOBEL COURT,JURUPA VALLEY CA 91752,UNITED STATES,,,,,,,Telephone Number,6282226 6282221
20180101300,SUPERIOR SUSTAINABILITY,"P.O.BOX 9601 DEERIELD BEACH,FL3344",2 9601 USA,,,,,,,,,
20180101301,FASTGROW LOGISTICS AMERICA INC.,17870 CASTLETON ST. SUITE 338,INDUSTRY PA 91748 UNITED STATES,,,,,,,,,
20180101302,"CENTRANS MARINE SHIPPING, INC.","6161 SAVOY DR, SUITE 300",HOUSTON TX 77036 UNITED STATES,,,,,,,,,
20180101303,TOPOCEAN CONSOLIDATION SERVICE (LAX,2727 WORKMAN MILL ROAD,CITY OF INDUSTRY CA 90601 UNITED ST,,,,,,,,,
20180101305,MEDIMEXICO S DE R L DE C V,AV VALLE IMPERIAL 10523,22180 TIJUANA,,,MEXICO/TAX:MED94012,,22180,MX,,,
20180101306,FURNITURE CREATRIONS INC.,7426 CHERRY AVE SUITE 210 PMB 509,"FONTANA,CA,92336,US",,,,,,,,,
20180101309,STARLINK FREIGHT SYSTEM SFO INC,"206 UTAH AVE SOUTH SAN FRANCISCO,",CA 94080,ATTN STARLINK OID VINH TRAN,,,,,,,Telephone Number,EMAIL STARLINKOID@APEXSHIPPING. ##
20180101310,DUNLAP & KYLE CO INC,280 EUREKA STREET BATESVILLE,MS 38606,,,,,,,,,
20180101311,DUNLAP & KYLE CO INC,280 EUREKA STREET BATESVILLE,MS 38606,,,,,,,,,
20180101312,HECNY TRANSPORTATION INC (LAX),"19550 S. DOMINGUEZ HILLS DRIVE,","RANCHO DOMINGUEZ, CA 90220.",TEL: 562-616-7888 FAX: 562-616-7895,,,,,,,Telephone Number,LAX`DCENTER HECNYUSA.COM
20180101313,BRILLIANT GROUP LOGISTICS CORP.,159 N.CENTRAL AVENUE,"VALLEY STREAM, NY 11580",T:516-599-2406 - F:516-599-0528,ATTN : MR. JIMMY YU,,,,,,,
20180101314,ORIENT EXPRESS CONTAINER CO LTD,"133-33 BROOKVILLE BLVD, SUITE 306",ROSEDALE NY 11422 UNITED STATES,,,,,,,,,
20180101315,STONE CENTER INC,1325 OAKBOARD DRIVE SUITE C,NORCROSS GA 30093,USA,,,,,,,,
20180101318,NUTRIFRESH WEST LTD,"7503, 35TH STREET, BAY 11",CALGARY AB T2C 1V3,CANADA,,,,,,,,
20180101319,EASY STONES,5965 PEACHTREE CORNERS EAST,SUITE A5,"NORCROSS, GA 30071 US",,,,,,,,
20180101320,NEW PRIDE CORPORATION,"2757 EAST DEL AMO BLVD., SUITE 705","RANCHO DOMINGUEZ, CA 90221",USA TEL: (310) 631-7000,JEANIE YOO,,,,,,,
20180101321,NEW PRIDE CORPORATION,"2757 EAST DEL AMO BLVD., SUITE 705","RANCHO DOMINGUEZ, CA 90221",USA TEL: (310) 631-7000,JEANIE YOO,,,,,,,
20180101323,K & M TIRE,965 SPENCERVILLE RD,DELPHOS OH 45833 US,DELPHOS OH45833 US,,,,,,,,
20180101324,JK INTERNATIONAL INC.,SUITE 201 6750 LENOX CENTER COURT,MEMPHIS TN 38115,UNITED STATES,,,,,,,Telephone Number,7263229
20180101325,JK INTERNATIONAL INC.,SUITE 201 6750 LENOX CENTER COURT,MEMPHIS TN 38115,UNITED STATES,,,,,,,Telephone Number,7263229
20180101326,OEC GROUP NEW YORK,"ONE CROSS ISLAND PLAZA, 133-33","BROOKVILLE BLVD.,","STE. 306, ROSEDALE, NY 11422 U.S.A",,,,,,,,
20180101330,DJS INTERNATIONAL FREIGHT,FORWARDERS,"4215 GATEWAY DRIVE, SUITE-100",COLLEYVILLE TX 76034,EMAIL JR.GUAJARDODJSINTL.COM,,,,,,,
20180101331,"RADIUS INTERNATIONAL,INC","150 EASTERN AVE SUITE 250 CHELSEA,",MA 02150 USA TAX ID 26-0176739,ATTN TAYLOR MARTON,T 1-617-561-1300F 1-617-561-0425,,,,,,,
20180101332,KELSEY HAYES COMPANY- OAKWOOD,DBA TRW AUTOMOTIVE,,5531 RAFE COURT,,FLOWERY BRANCH,GA,30542,US,,Telephone Number,+17709655750
20180101335,1.INA INTERNATIONAL LTD.A WHOLLY OW,"SUBSIDIARY OF FGL SPORTS.824 41AVE,","NE CALGARY,ALBERTA CANADA T2E 3R3",CALGARY AB,,,,,,,,
20180101336,ALIANZA EST. PORT. S.A DE C.V,KM 1.0 CARR. MANZANILLO- MINATITLAN,52,MANZANILLO 65000 MX,,,,,,,,
20180101337,FASTGROW LOGISTICS AMERICA INC.,17870 CASTLETON ST. SUITE 338,INDUSTRY PA 91748 UNITED STATES,,,,,,,,,
20180101338,DAHNAY LOGISTICS USA INC,"#1 CRAGWOOD ROAD, SUITE 305A,","SOUTH PLAINFIELD,NJ-07080,USA",TEL 908-315-1500,,,,,,,Telephone Number,USA.OPS@DAHNAYLOGISTICS.COM
20180101340,EXPEDITORS INTL OF WA INC,506 E. DALLAS RD,SUITE 400,GRAPEVINE TX 76051,,1-8173054000 TEL,EX,1-817421,10,,,
20180101341,C H ROBINSON INTERNATIONAL INC,14800 CHARLSON ROAD SUITE 400,,,,EDEN PRAIRIE,MN,55347,US,0000,Telephone Number,1 952 352 2887
20180101342,JOHN A STEER COMPANY,"5423 HENNEMAN DRIVE, STE A",NORFOLK VA 23513,USA,,,,,,,,
20180101344,JAS FORWARDING (USA) INC,"4900 ST JOE BOULEVARD, BUILDING",100SUITE 400,COLLEGE PARK GA 30337,,1-4049426200 TEL,EX,1-404942,62,,,
20180101345,"M/S WORLD TRADING COMPANY INC.,",6754 MELROSE LN OKLAHOMA CITY,OK 73127 USA,,,1-4057871982 TEL,EX,1-405787,13,,,
20180101346,NETWORK BROKERS INTERNATIONAL,100 NORTH CENTRE AVE,"STE 204,ROCKVILLE CENTRE",NY 11570,TEL NO: 516 825 6623,,,,,,,
20180101347,"TRANSINDO USA, INC.","355 SOUTH LEMON AVENUE, SUITE E","WALNUT, CA 91789",USA,,,,,,,,
20180101348,WORKSMAN TRADING CORPORATION,94-15 100TH STREET,,"OZONE PARK, NY, 11416",,OZONE PARK,NY,11416,US,,,
20180101349,OEC SHIPPING LOS ANGELES INC,"13100 ALONDRA BLVD, SUITE 100",CERRITOS CA 90703,UNITED STATES,,,,,,,Telephone Number,EMAIL: ALL.LAX OECGROUP.COM
20180101350,KEN HAMANAKA COMPANY INC.,138 LOMITA STREET,EL SEGUNDO CA 90245,USA,,,,,,,,
20180101351,VASINEE FOOD CORPORATION,"1247 GRAND STREET,",BROOKLYN,"NY,11211,US",,,,,,,,
20180101352,PANACHE HOME INC,911 OAK TREE AVENUE,SOUTH PLAINFIELD NJ 07080,USA,,,,,,,,
20180101355,HOMELEGANCE BY S&A IMPORTS,"10999 ROCKET BLVD., ORLANDO FL",UNITED STATES 32824,,,,,,,,,
20180101357,TOPOCEAN CONSOLIDATION SERVICE (LAX,2727 WORKMAN MILL ROAD,CITY OF INDUSTRY CA 90601 UNITED ST,,,,,,,,,
20180101358,"SINO PACIFIC CUSTOMS BROKERAGE, INC",SUITE 2C 170 DUANE STREET,NEW YORK NY 10013,UNITED STATES,,,,,,,Telephone Number,9253886 9255404
20180101359,"WERNER GLOBAL LOGISTICS U.S., LLC",14507 FRONTIER ROAD OMAHA,NE 68138 US KAYLEE CORNICK,TEL:402-895-6640 EXT.2281 FAX:,402-894-3760. KCORNICK@WERNER.COM,,,,,,,
20180101361,"VANDEGRIFT FORWARDING COMPANY, INC.","100 WALNUT AVE., SUITE 600",CLARK NJ,UNITED STATES,,,,,,,,
20180101362,"APEX MARITIME CO., INC.",.,206 UTAH AVE SOUTH SAN FRANCISCO CA,94080 US,,,,,,,,
20180101364,SAME AS CONSIGNEE,NO ADDRESS,,,,,,,,,,
20180101365,AMERICAN GLOBAL LOGISTICS LLC,3399 PEACHTREE ROAD NE,"SUITE 1130 ATLANTA, GA 30326 USA",TEL : 866-285-9610 FAX : 678-298-,,1-8662859610 TEL,EX,1-678298,83,,,
20180101366,EXPEDITORS INTL OF WA INC,506 E. DALLAS RD,SUITE 400,GRAPEVINE TX 76051,,1-8173054000 TEL,EX,1-817421,10,,,
20180101369,EXPEDITORS INTERNATIONAL OF WASHING,300 TRADEPORT DRIVE,ATLANTA GA 30354,UNITED STATES,,,,,,,Telephone Number,9945154 9945154
20180101371,"ROGERS BROWN CUSTOM BROKERS, INC",150L WEST PHILLIPS ROAD,"GREER, SOUTH CAROLINA 29650 U.S.A.",TEL 864 879 2157 FAX 867 879 1044,,,,,,,Telephone Number,EMAIL TAMMY_POWELL@ROGERS-BROWN.CO
20180101372,TBC CORP,4300 TCB WAY,"PALM BEACH GARDENS, FL 33410",,,,,,,,,
20180101373,"ROGERS BROWN CUSTOM BROKERS, INC",150L WEST PHILLIPS ROAD,"GREER, SOUTH CAROLINA 29650 U.S.A.",TEL 864 879 2157 FAX 867 879 1044,,,,,,,Telephone Number,EMAIL TAMMY_POWELL@ROGERS-BROWN.CO
20180101374,"ROGERS BROWN CUSTOM BROKERS, INC",150L WEST PHILLIPS ROAD,"GREER, SOUTH CAROLINA 29650 U.S.A.",TEL 864 879 2157 FAX 867 879 1044,,,,,,,Telephone Number,EMAIL TAMMY_POWELL@ROGERS-BROWN.CO
20180101375,AMERICAN RETAIL SHIPPERS ASSOCIATIO,SUITE 2 100 QUIMBY STREET,WESTFIELD NJ 07090,UNITED STATES,,,,,,,Telephone Number,9350588
20180101375,QUARTZ LOGISTICS INC.,SUITE D 780 SOUTH NOGALES STREET,CITY OF INDUSTRY CA 91748,UNITED STATES,,,,,,,Telephone Number,6062001
20180101376,CENTROTRADE MINERALS AND METALS,DBA CENTROTRADE RUBBER,1317 EXECUTIVE BLVD SUITE 120,CHESAPEAKE VA 23320,CHESAPEAKE VA 23320 US,,,,,,,
20180101377,UPS-SCS,"2031 S.CENTENNIAL AVE, AIKEN,SC",29803,PH:803-502-6898 FAX:803-502-7995,EMAIL:UPSUSDT@UPS.COM,,,,,,,
20180101378,NORTHERN TOOL AND EQUIPMENT,COMPANY INC.,2800 SOUTHCROSS DRIVE WEST,"BURNSVILLE, MINNESOTA 55337",TEL:952-894-9510 @@,,,,,,,
20180101378,NORTH STAR WORLD,"TRADE SERVICES,INC",1300 MENDOTA HEIGHTS ROAD,"MENDOTA HEIGHTS,MN 55120",NOTIFY4@SHIPNORTHSTAR.COM,,,,,,,
20180101381,JF MORAN,"2050 FORBES STREET JACKSONVILL, FL",32204,T-(904)743-9742 F-(904)743-9732,EMAIL:NIOANNOU@JFMORAN.COM,,,,,,,
20180101382,JF MORAN,"2050 FORBES STREET JACKSONVILL, FL",32204,T-(904)743-9742 F-(904)743-9732,EMAIL:NIOANNOU@JFMORAN.COM,,,,,,,
20180101383,"NORCA INDUSTRIAL COMPANY, LLC","ONE HOLLOW LANE, SUITE 200,","LAKE SUCCESS, NY 11042, USA",,,,,,,,,
20180101385,WARREN ALLOY VALVE & FITTING CO LP,4750 KINGSTON STREET,ALLIED FITTING L.P,DENVER CO 80239,USA,,,,,,,
20180101388,STONE SHOWCASE INC,1785 ENTERPRISES DR STE B & C,BUFORD GA 30518,USA,,,,,,,,
20180101389,PKD LOGISTICS,"5604 WENDY BAGWELL PARKWAY,","SUITE NO 223 HIRAM,GEORGIA-30141",TEL 6789674444 FAX 7706357621,,,,,,,,
20180101393,CV INTERNATIONAL INC.,1128 WEST OLNEY ROAD,"NORFOLK, VA 23507",TEL: 757-466-1170 FAX: 757-466-1823,,,,,,,,
20180101394,HECNY TRANSPORTATION INC.,19550 S. DOMINGUEZ HILLS DR.,RANCHO DOMINGUEZ CA 90220 UNITED ST,,,,,,,,,
20180101396,GARY STANNER SALES INC,147 WEST 35TH STREET ROOM # 206,NEW YORK NY 10011 USA,,,,,,,,,
20180101400,PERIMETER GLOBAL LOGISTICS,6321 EMPEROR DRIVE SUITE 202,"ORLANDO, FLORIDA 32809",TEL _ 407-608-5316,FAX _ 407-264-6181,,,,,,,
20180101401,E. BELSER & CO.,115 MARTIN LANE,ELK GROVE VILLAGE IL 60007,USA,,,,,,,,
20180101403,NEWLIFE MAGNETICS LLC,3440,NORTH BEND CIRCLE,TENNESSEE 37701,USA,,,,,,,
20180101409,COLE INTERNATIONAL INC.,6005 103A STREET,EDMONTON AB T6H 2J7,CANADA,,,,,,,,
20180101410,SAME AS CONSIGNEE,X,X,,,,,,,,,
20180101412,"PANALPINA, INC.","207 E.BAY ST 2ND FL,STE 209 PO BOX",1838 CHARLESTON 29401 USA SOUTH,CAROLINA AS AGENT FOR AND ON BEHALF,,,,,,,Telephone Number,OF PANTAINER (H.K.) LTD.
20180101412,PANTAINER (H.K.) LIMITED,SCAC CODE PNEP,,,,,,,,,,
20180101415,SIGMA CORPORATION,"P.O.BOX NO.300, CREAM RIDGE,",NEW JERSEY 08514. U.S.A.,FAX: 609 935 0600,,1-9099837944 TEL,EX,1-609758,65,,,
20180101416,AGILITY LOGISTICS CORP.,230-59 INTERNATIONAL AIRPORT CENTER,JAMAICA/QUEENS NY 11413 UNITED STAT,,,,,,,,,
20180101417,AGILITY LOGISTICS CORP.,230-59 INTERNATIONAL AIRPORT CENTER,JAMAICA/QUEENS NY 11413 UNITED STAT,,,,,,,,,
20180101419,"OK CONTAINER SALES,INC","2707 E.VALLEY BLVD.,STE305,",WEST COVINA CA 91792 UNITED STATES,,,,,,,,,
20180101420,EXPEDITORS INTERNATIONAL OF WASHING,"4260 FRONTAGE ROAD,",,,,ATLANTA,GA,30354,US,,,
20180101421,"RISING PHARMACEUTICALS INC.,","4580 S.MENDENHALL ROAD,",MEMPHIS,TN 38141 UNITED STATES,,,,,,,,
20180101422,"RISING PHARMACEUTICALS INC.,","4580 S.MENDENHALL ROAD,",MEMPHIS,TN 38141 UNITED STATES,,,,,,,,
20180101423,GULBRANDSEN PUERTO RICO,ROAD # 2 KM 25.2 BO. ESPINOSA,SAN JUAN,PR 00646 UNITED STATES,,,,,,,,
20180101424,AIRLIFT USA INC,11099 S.LA CIENEGA BLVD,"LOS ANGELES,",CA 90045 USA,,,,,,,,
20180101425,PANALPINA INC,.,"21112 72ND AVE., SOUTH KENT WA 9803",2 US,,,,,,,,
20180101427,"TOSOH SPECIALTY CHEMICALS USA, INC",1720 WINDWARD CONCOUSE SUITE 125,,,,ALPHARETTA,GA,30005,US,,,
20180101428,YUSEN LOGISTICS (AMERICAS) INC.,.,691 AIRPORT SOUTH PARKWAY COLLEGE,"PARK, GA - 30349 UNITED STATES",,,,,,,,
20180101429,"NESTOR REYES, INC.",MERCANTIL PLAZA BUILDING,#2 PONCE DE LEON AVE.,SUITE 501,,1-7872896465 TEL,EX,1-787289,64,,,
20180101430,"TOSOH SPECIALTY CHEMICALS USA, INC","C/O CHEMPAK INTERNATIONAL, INC.",255 BLACK HAWK ROAD,,,"GREENVILLE,",SC,29611,US,,,
20180101431,"TOSOH SPECIALTY CHEMICALS USA, INC","C/O CHEMPAK INTERNATIONAL, INC.",255 BLACK HAWK ROAD,,,"GREENVILLE,",SC,29611,US,,,
20180101432,"TOSOH SPECIALTY CHEMICALS USA, INC","C/O CHEMPAK INTERNATIONAL, INC.",255 BLACK HAWK ROAD,,,"GREENVILLE,",SC,29611,US,,,
20180101434,LF LOGISTICS USA LLC CHI,"1200 N. ARLINGTON HEIGHTS ROAD, SUI",ITASCA IL 60106 UNITED STATES,,,,,,,,,
20180101437,CHUNG HUA STONE KITCHEN INC,134-02 32 AVE,FLUSHING NY 11354,USA,,,,,,,,
20180101438,MARVOLUS MANUFACTURING CO,"220 NORTH WASHTENAW AVE,CHICAGO,IL","60612,",USA,,,,,,,,
20180101441,DYMAK USA INC.,"1350 SOUTH SHEELER AVE.APOPKA, FL 3",2703,,,,,,,,,
20180101447,"TOSOH SPECIALTY CHEMICALS USA, INC","C/O CHEMPAK INTERNATIONAL, INC.",255 BLACK HAWK ROAD,,,"GREENVILLE,",SC,29611,US,,,
20180101449,"CHALLENGER OF AMERICA,INC.,","2200 N.COMMERCE PARKWAY,SUITE #200,","WESTON,FL 33326,USA.",EMAIL:MARIO@CHALLENGERUS.COM,,,,,,,,
20180101452,"STAR ASIA CUSTOMS, TRADE & SECURITY",14805 DETROIT AVE. SUITE 520,"CLEVELAND, OH 44107 TEL (216) 586-",5700 FAX (216) 672-5255,,,,,,,,
20180101453,STAR ASIA INTERNATIONAL INC.,"208 CHURCH STREET DECATUR,",GA30030-3328 U.S.A.,TEL 404-7616900 FAX 404-7612999,E-MAIL ATTACHSTAR-TRACK.COM,,,,,,,
20180101455,LTL HOME PRODUCTS,"125 ROUTE 61, SCHUYLKILL HAVEN,","PA 17972, USA",TEL:570-3855470,,,,,,,,
20180101455,WORLD LOGISTICS USA INC.,"173 ROUTE 526, ALLENTOWN,","NJ 08501, USA",,,,,,,,,
20180101456,SDP ADVANCED POLYMER PRODUCTS INC,410 130 BRIDGELAND AVETORONTO,ONTARIO CANADA M6A 1Z4,TORONTO ONM6A 1Z4 CA,,,,,,,,
20180101459,"BARR DISPLAY COMPANY LLC,",DBA BARR DISPLAY,,3033 MERCY DRIVE,,ORLANDO,FL,32808,US,,Telephone Number,+18002222702
20180101459,"BARR DISPLAY COMPANY LLC,",DBA BARR DISPLAY,,3033 MERCY DRIVE,,ORLANDO,FL,32808,US,,Facsimile Number,+14072970494
20180101460,EXPEDITORS INTERNATIONAL OF WASHING,SUITE 310 2265 CLEMENTS FERRY ROAD,CHARLESTON SC 29492,UNITED STATES,,,,,,,Telephone Number,7444071 7444071
20180101463,WORLDBRIDGE LOGISTICS,22 CENTURY BLVD SUITE 510,NASHVILLE TN 37214 UNITED STATES,,,,,,,,,
20180101464,HW ST JOHN,292 NORTH CENTRAL AVE.,VALLEY STREAM NY 11580 US,,,,,,,,,
20180101465,"CEVA FREIGHT, LLC",1717 BUSSE ROAD,ELK GROVE VILLAGE IL 60007,UNITED STATES,,,,,,,Telephone Number,2503108 2503108
20180101466,MEADOWS WYE & CO INC,2506 FOREST AVENUE,,,,STATEN ISLAND,NY,10303,US,,,
20180101470,EXPEDITORS INTERNATIONAL OF WASHING,SUITE 2400 3101 YORKMONT ROAD,CHARLOTTE NC 28208,UNITED STATES,,,,,,,Telephone Number,3290508 3295386
20180101474,"BLUE OCEAN TRADERS,INC",1455 SOUTH 7TH STREET,LOUISVILLE KY 40208 US,LOUISVILLE KY40208 US,,,,,,,,
20180101475,STONE SHOWCASE INC,1785 ENTERPRISES DR STE B & C,BUFORD GA 30518,USA,,,,,,,,
20180101477,JP REYNOLDS COMPANY INC.,101 SE 21ST STREET,FORT LAUDERDALE FL 33316,USA,PHONE: +1 (954) 522-3763,,,,,,,
20180101478,JP REYNOLDS COMPANY INC.,101 SE 21ST STREET,FORT LAUDERDALE FL 33316,USA,PHONE: +1 (954) 522-3763,,,,,,,
20180101479,JP REYNOLDS COMPANY INC.,101 SE 21ST STREET,FORT LAUDERDALE FL 33316,USA,PHONE: +1 (954) 522-3763,,,,,,,
20180101480,JP REYNOLDS COMPANY INC.,101 SE 21ST STREET,FORT LAUDERDALE FL 33316,USA,PHONE: +1 (954) 522-3763,,,,,,,
20180101481,JP REYNOLDS COMPANY INC.,101 SE 21ST STREET,FORT LAUDERDALE FL 33316,USA,PHONE: +1 (954) 522-3763,,,,,,,
20180101482,FLUX MARINE INTERNATIONAL LTD.,TRIDENT CHAMBERS PO BOX 146,TORTOLA ROAD TOWN,"VIRGIN ISLANDS, BRITISH",,,,,,,,
20180101483,REFLECTING WATERS CORP.,"3411 SILVERSIDE ROAD, TATNALL BUILD",WILMINGTON DELAWARE 19810,USA,,,,,,,,
20180101484,ECHO MARINE VENTURES LLC,"3411 SILVERSIDE ROAD, RODNEY BUILDI",DE 19810 WILMINGTON,USA,,,,,,,,
20180101485,OLIVE DEVELOPMENTS LLC,760 MASTHA DRIVE KEY BISCAYNE,MIAMI FL 33149,USA,,,,,,,,
20180101486,SMOOTH SEAS INC.,"3411 SILVERSIDE ROAD, TATNALL BUILD",DELAWARE 19810 WILMINGTON,USA,,,,,,,,
20180101487,SWAN MARINE VENTURES LTD.,O'NEAL MARKETING ASSOCIATES BUILDIN,PO BOX 4493 ROAD TOWN TORTOLA,"VIRGIN ISLANDS, BRITISH",,,,,,,,
20180101488,THE GREATEST BOAT INC.,"3411 SILVERSIDE ROAD, TATNALL BUILD",DELAWARE 19810 WILMINGTON,USA,,,,,,,,
20180101489,HECNY TRANSPORTATION INC.,19550 S. DOMINGUEZ HILLS DR.,RANCHO DOMINGUEZ CA 90220 UNITED ST,,,,,,,,,
20180101491,JP REYNOLDS COMPANY INC.,101 SE 21ST STREET,FORT LAUDERDALE FL 33316,USA,PHONE: +1 (954) 522-3763,,,,,,,
20180101492,SEA CORP LLC,1413 20TH STREET,33139 FL MIAMI BEACH,USA,,,,,,,,
20180101493,"UNITED CARGO MANAGEMENT, INC.","878 WHIPPLE ROAD, SUITE 200","MT. PLEASANT, SC 29464",O: 843.856.1833,,1-8438561833 TEL,EX,1-843856,18,,,
20180101494,AIRLIFT (USA) INC,"988 SHOPPES BOULEVARD,","NORTH BRUNSWICK, NEW JERSEY, NJ 089","USA, TEL: 310 337 0700 FAX: 310 337",,1-7326500335 TEL,EX,1-732650,03,,,
20180101495,"JAS FORWARDING (USA), INC.",CHICAGO OFFICE,1759 LINNEMAN ROAD,"MOUNT PROSPECT, IL 60056",T +1 (847) 725-1000,,,,,,,
20180101496,LOTTE GLOBAL LOGISTICS (USA) INC.,11135 KNOTT AVE. SUITE E&F CYP,T:+1-714-373-8880 F:+1-714-373,,,CA 90630,CA,90630,US,,,
20180101497,GOLDSTAR GLOBAL LOGISTIC.LLC,"99 W.HAWTHORNE AVENUE SUITE 302,","VALLEY STREAM,NY 11580",TEL 516.561.2220,,,,,,,,
20180101498,EASTWAY LOGISTICS USA LLC,"21720 W. LONG GROVE ROAD, SUITE C-2",DEER PARK IL 60010 UNITED STATES,,,,,,,,,
20180101500,DSV AIR & SEA INC. - I902,5950 HAZELTINE NATIONAL DR,SUITE 690,ORLANDO FL 32822,UNITED STATESXXX,,,,,,,
20180101501,T.V.S GRANITE,15511 HWY 6,ROSHARON TX 77583 US,,,,,,,,,
20180101502,"UNITED CARGO MANAGEMENT,INC.","19401 SOUTH MAIN ST.,SUITE 202",TEL:310-225-3099 FAX:310-225-3,,,"GARDENA CA,90248",CA,90248,US,,,
20180101503,SAME AS CONSIGNEE,.,5742 S. SEMORAN BLVD ORLANDO FL 328,22 US,,,,,,,,
20180101504,LAX IMPORT BROKERAGE CRANE,WORLDWIDE TRADE SERVICES 2501,W . ROSEGRANS AVE COMPTON,CA 90059 PH:310-765-2300,,,,,,,,
20180101505,LAX IMPORT BROKERAGE CRANE,WORLDWIDE TRADE SERVICES 2501,W . ROSEGRANS AVE COMPTON,CA 90059 PH:310-765-2300,,,,,,,,
20180101506,LAX IMPORT BROKERAGE CRANE,WORLDWIDE TRADE SERVICES 2501,W . ROSEGRANS AVE COMPTON,CA 90059 PH:310-765-2300,,,,,,,,
20180101507,PANALPINA INC.-CHS BSC,"207 EAST BAY ST.CHARLESTON,SC 29401",MAIL ADDRESS:IMPORT.FCL-USA@,PANALPINA.COM.AS AGENTS FOR AND ON,,1-8435779982 TEL,EX,1-843577,43,,,
20180101508,DYNA LOGISTICS,19516 SUSANA ROAD,RANCHO DOMINGUEZ CA 90221 UNITED ST,,,,,,,,,
20180101509,IKEA DISTRIBUTION SERVICES INC.10,"IKEA WAY WESTAMPTON,NJ 08060 UNITED",STATES OF AMERICA ATTN:CUSTOMS,DEPARTMENT-LAURIE EVERILL IKEA2.,,1-6092611220 TEL,EX,1-609265,84,,,
20180101511,BLU LOGISTICS,BLU GREENSBORO- 1155-10 REVOLUTION,MILL DR- GREENSBORO NC VA 27405,UNITED STATES,,,,,,,,
20180101513,OZARK MATERIALS LLC,"552 OLIVER ROAD; MONTGOMERY, AL,",U.S.,MONTGOMERY AL,USA,,,,,,,
20180101514,OZARK MATERIALS LLC,"552 OLIVER ROAD; MONTGOMERY, AL,",U.S.,MONTGOMERY AL,USA,,,,,,,
20180101515,GABBY HOME,ATTN : WILLIAM WHITE,3140 PELHAM PARKWAY,"PELHAM, AL 35124 USA",,,,,,,,
20180101516,GABBY HOME,ATTN : WILLIAM WHITE,3140 PELHAM PARKWAY,"PELHAM, AL 35124 USA",,,,,,,,
20180101517,"HT CARGO USA , INC.","12387 LEWIS STREET, SUITE 102,","GARDEN GROVE, CA 92840 US",,,,,,,,,
20180101518,O.E.C. SHIPPING LOS ANGELES INC.,"13100 ALONDRA BLVD,SUITE 100","CERRITOS, CA 90703 TEL 562 926",7186 FAX 562 926 7183,CERRITOS CA,,,,,,,
20180101520,DHL GLOBAL FORWARDING (BRAZIL),"LTDA, CNPJ: 10.228.777/0001-61",CEP; 80240-2400 CURITIBA,,,BRAZIL,SP,04705-000,BR,,,
20180101521,HAN FENG INC.,6001-A WEST MARKET STREET,GREENSBORO NC UNITED STATES 27409,,,,,,,,,
20180101522,NATIONAL STONEWORKS LLC,3200 MERIDIAN PKWY,,,,WESTON,FL,33331,US,,Telephone Number,+19543491609
20180101523,"SHALOM INTERNATIONAL CORP.,","8 NICHOLAS COURT, SUITE B","DAYTON, NJ 08810",,,,,,,,,
20180101524,STARLINK FREIGHT SYSTEM SFO INC.,206 UTAH AVE,"SOUTH SAN FRANCISCO,CA 94080 UNITED",STATES,,,,,,,,
20180101526,LAGUNITAS BREWING COMPANY,1280 N MCDOWELL BLVD,"PETALUMA, CA 949954",USA,,,,,,,,
20180101528,TIRECO INC.,"500 W 190TH ST. GARDENA,CA 90248-42",65 TEL: (310) 767-7990 FAX: (310) 2,17-9267,,,,,,,,
20180101529,LAMU HWD LIVERMORE,5874 BRISA STREET,LIVERMORE CA 94550 USA,,,,,,,,,
20180101537,FORTUNA HARDWARE COMPANY,"417-B WEST FOOTHILL BLVD,SUITE 230","GLENDORA,CALIFORNIA 91741 USA",,,,,,,,,
20180101539,BOSCH SECURITY SYSTEM INC,140 CALIBER RIDGE DRIVE,"GREER, SOUTH CAROLINA 29651",,,GREER,SC,29651,US,,,
20180101540,DELMAR INTERNATIONAL INC.,10636 COTE DE LIESSE,"MONTREAL,QC H8T 1A5",TEL:514-6368800,FAX:514-6361212,,,,,,,
20180101542,"EXPEDITORS CANADA,INC.","6700 COTE DE LIESSE,SUITE 501",VILLE ST-LAURENT QUEBEC H4T 2B5,CANADA,,,,,,,,
20180101543,"EXPEDITORS CANADA,INC.","6700 COTE DE LIESSE,SUITE 501",VILLE ST-LAURENT QUEBEC H4T 2B5,CANADA,,,,,,,,
20180101544,"EXPEDITORS CANADA,INC.","6700 COTE DE LIESSE,SUITE 501",VILLE ST-LAURENT QUEBEC H4T 2B5,CANADA,,,,,,,,
20180101545,"EXPEDITORS CANADA,INC.","6700 COTE DE LIESSE,SUITE 501",VILLE ST-LAURENT QUEBEC H4T 2B5,CANADA,,,,,,,,
20180101546,SAME AS CONSIGNEE,TEL: 1 305 693 5133,FAX: 1 305 520 0322,,,,,,,,,
20180101547,MINK HAIR LTD.,71 RIVERVIEW DRIVE,,,,WAYNE,MI,07470,US,,,
20180101548,MINK HAIR LTD,71 RIVERVIEW DRIVE,,,,WAYNE,MI,07470,US,,,
20180101549,MINK HAIR LTD,71 RIVERVIEW DRIVE,,,,WAYNE,MI,07470,US,,,
20180101550,MINK HAIR LTD,71 RIVERVIEW DRIVE,,,,WAYNE,MI,07470,US,,,
20180101552,"WERNER GLOBAL LOGISTICS U.S., LLC",14507 FRONTIER ROAD,,USA,,OMAHA,NE,68138,US,,,
20180101553,PARKVIEW CUSTOMS BROKER,"BOX 39 NORWICH, ON N0J 1P0 CANADA",,,,,,,,,,
20180101556,I4 FURNITURE INC,"5 KIWANIS ST , ST. JOHN'S NF, ,",A1B 0A2 CANADA,,,,,,,,,
20180101559,BARSAN GLOBAL LOGISTICS INC.,17-09 ZINK PLACE UNIT #5,FAIR LAWN NJ 07410 / USA,OFFICE : 201 773 0730 EXT:217,MIA-IMPORT@BARSAN.COM,,,,,,,
20180101560,BARSAN GLOBAL LOGISTICS INC.,17-09 ZINK PLACE UNIT #5,FAIR LAWN NJ 07410 / USA,OFFICE : 201 773 0730 EXT:217,MIA-IMPORT@BARSAN.COM,,,,,,,
20180101561,DE WELL CONTAINER SHIPPING INC.,"5553 BANDINI BLVD, UNIT A",BELL CA 90201 UNITED STATES,,,,,,,,,
20180101562,ALDI INC USA,1200 N KIRK ROAD,BATAVIA IL 60510 US,,,,,,,,,
20180101563,SCHENKER INC,3644 WINCHESTER RD STE 105,MEMPHIS TN 38118 UNITED STATES,,,,,,,,,
20180101564,ACME FURNITURE ( MIAMI ) CORP.,9641 PREMIER PARKWAY MIRAMAR,"FL 33025 , USA",,,,,,,,,
20180101565,"UPS OCEAN FREIGHT SERVICES, INC",FMC 016871N 3400 NW 74TH AVE SUITE,5 6 MIAMI FL 33122 US,MIAMI FL,,,,,,,,
20180101566,"JOHN M. BRINING CO., INC",P. O. BOX 403 MOBILE AL UNITED,STATES 36601,,,,,,,,,
20180101567,"PANALPINA, INC.","207 E.BAY ST 2ND FL,STE 209 PO BOX",1838 CHARLESTON 29401 USA SOUTH,CAROLINA AS AGENT FOR AND ON BEHALF,,,,,,,Telephone Number,OF PANTAINER (H.K.) LTD.
20180101567,PANTAINER (H.K.) LIMITED,SCAC CODE PNEP,,,,,,,,,,
20180101568,HOMESTAR NORTH AMERICA,607 MEACHAM RD,,,,STATESVILLE,NC,28677,US,,,
20180101570,EXPEDITORS INTERNATIONAL OF WASHING,SUITE 2400 3101 YORKMONT ROAD,CHARLOTTE NC 28208,UNITED STATES,,,,,,,Telephone Number,3290508 3295386
20180101571,APEX MARITIME CO. INC.,206 UTAH AVE SOUTH SAN FRANCISCO CA,94080 UNITED STATES,,,,,,,,,
20180101572,ROUND HILL FURNITURE INC.,"3640 ZANE TRACE DRIVE, COLUMBUS,",OH 43228,,,,,,,,,
20180101573,BULLETLINE,6301 E 10TH AVE,,,,HIALEAH,FL,33013,US,,,
20180101575,O.C.S INDUSTRIES,2015 PITKIN AVENUE,BROOKLYN NY 11207,USA,,,,,,,,
20180101576,APEX MARITIME CO. INC.,206 UTAH AVE SOUTH SAN FRANCISCO CA,94080 UNITED STATES,,,,,,,,,
20180101579,OEC SHIPPING LOS ANGELES INC,13100 ALONDRA BLVD,"SUITE 100, CERRITOS CA 90703 USA",TEL:5629267186 FAX:5629267183,,,,,,,,
20180101580,STAR ASIA INTERNATIONAL INC,"208 CHURCH STRRET DECATUR,GA","30030-3328,USA TEL 404-7616900",FAX 404-7612999 E-MAIL ADDRESS,,,,,,,Telephone Number,ATTACH@STAR-TRACK.COM
20180101581,SAME AS CONSIGNEE,.,,,,1-9033341245,,,,,,
20180101583,CRANE WORLDWIDE LOGISTICS-DFW,"2022 MCKENZIE DRIVE, SUITE 120","CARROLLTON, TEXAS, USA 75006",PHNOE : (972) 428-5600,,1-9724285600 TEL,EX,1-972428,55,,,
20180101584,MS INTERNATIONAL INC,2095 N BATAVIA ST ORANGE,CA 92865 USA PH 714 685 7645,ATTN MR SEKAR,,,,,,,Telephone Number,714 685 7500
20180101585,UPS-SCS,1930 DERRY ROAD,"MISSISSAUGA,",MISSISSAUGA ON L5S 1E2 CA,,,,,,,,
20180101586,INTERPORT GLOBAL LOGISTICS USA INC,17 COTTERS LANE EAST BRUNSWICK NJ 0,8816 - U.S.A. TEL.=(732) 422-3870/7,3/74 FAX.=(732) 422-3878 ]]],.,,,,,,,
20180101587,PYRAMID LINES,1717 BUSSE ROAD,ELK GROVE VILLAGE IL 60007,UNITED STATES,,,,,,,Telephone Number,2503101
20180101588,SEA WAY INTERNATIONAL INCORPORATION,"16 W 32ND ST., SUITE 301",NEW YORK NY,UNITED STATES,,,,,,,,
20180101589,"APEX MARITIME CO., INC.",206 UTAH AVE,"SOUTH SAN FRANCISCO,CA 94080,US",T:+ 650 5892575,F:+ 650 5898861,,,,,,,
20180101590,"CHINA INTERNATIONAL FREIGHT CO.,",LTD,"10F., NO. 139 NANKING E RD.,","SEC. 2, TAIPEI, TAIWAN",,,,,,,,
20180101592,OK CONTAINER SALES INC.,2707 E. VALLEY BLVD. STE305,WEST COVINA CA 91792,TEL1-626-912-5788,,,,,,,Telephone Number,FAX1-626-912-6188
20180101593,MS INTERNATIONAL INC,2095 N BATAVIA ST ORANGE,CA 92865 USA PH 714 685 7645,ATTN MR SEKAR,,,,,,,Telephone Number,714 685 7500
20180101594,JAS FORWARDING (USA) INC,"3101 YORKMONT RD.,STE.200","CHARLOTTE,NC 28208",TEL:704-357-1230,,1-7043571230 TEL,EX,1-704357,13,,,
20180101596,US PACIFIC TRANSPORT INC,"36-36 MAIN STREET, 6/FLOOR UNIT 6R",FLUSHING/QUEENS NY 11354 UNITED STA,,,,,,,,,
20180101597,US PACIFIC TRANSPORT INC,"36-36 MAIN STREET, 6/FLOOR UNIT 6R",FLUSHING/QUEENS NY 11354 UNITED STA,,,,,,,,,
20180101599,O T S ASTRACON LLC,"3115 BEAM ROAD CHARLOTTE, NC 28217",TEL 1-704-4245522,FAX 1-704-4245622,,,,,,,,
20180101600,"M S INTERNATIONAL,INC.",2095 N.BATAVIA STREET ORANGE,CALIFORNIA USA 92865,TEL:714 685 7500,,1-7146857500 TEL,EX,1-714685,76,,,
20180101601,IKEA PURCHASING SERVICES (US) INC,3200 HORIZON DR. #120 SUITE G10,"KING OF PRUSSIA, PA 19406 UNITED ST",ATTN: CUSTOMS DEPARTMENT,,1-6092611220 TEL,EX,1-609265,84,,,
20180101602,IKEA PURCHASING SERVICES (US) INC,3200 HORIZON DR. #120 SUITE G10,"KING OF PRUSSIA, PA 19406 UNITED ST",ATTN: CUSTOMS DEPARTMENT,,1-4848039015,,,,,,
20180101605,APAVISA PORCELANICO SL,"CTRA. CASTELLON-SAN JUAN DE MORO,HM",,,,SAN JUAN DE MORO,12,12130,ES,,,
20180101606,"NISSIN INTL TRANSPORT USA, INC",172-47 BAISLEY BLVD,"JAMAICA, NY 11434",TEL:718-723-7515,,,,,,,,
20180101607,"NISSIN INTL TRANSPORT USA, INC",172-47 BAISLEY BLVD,"JAMAICA, NY 11434",TEL: 718-723-7515,,,,,,,,
20180101608,FASTBOLT CAROLINA LLC,"127 HOLLOW DRIVE,","PIEDMONT, SC 29673 U.S.A.",,,,,,,,,
20180101609,FASTBOLT CAROLINA LLC,"127 HOLLOW DRIVE,","PIEDMONT, SC 29673 U.S.A.",,,,,,,,,
20180101610,FASTBOLT CAROLINA LLC,"127 HOLLOW DRIVE,","PIEDMONT, SC 29673 U.S.A.",,,,,,,,,
20180101611,FASTBOLT NORTH CAROLINA,311 BERT WINSTON RD YOUNGSVILLE,NC 27596,TEL:919 562 0700 FAX:919 562 0719,,,,,,,,
20180101612,FASTBOLT CORP.,"200 LOUIS STREET,",SOUTH HACKENSACK NJ 07606 USA,,,,,,,,,
20180101613,FASTBOLT CAROLINA LLC,"127 HOLLOW DRIVE,","PIEDMONT, SC 29673 U.S.A.",,,,,,,,,
20180101614,GABBY HOME,ATTN : WILLIAM WHITE,3140 PELHAM PARKWAY,"PELHAM, AL 35124 USA",,,,,,,,
20180101615,"AUTOPARTSOURCE, LLC",1689 ATLANTIC STREET,"UNION CITY, CA 94587",,,UNION CITY,CA,94587,US,,,
20180101617,HOMESTAR NORTH AMERICA,607 MEACHAM RD,,,,STATESVILLE,NC,28677,US,,,
20180101620,"MS INTERNATIONAL,INC.","2095 N.BATAVIA STREET,ORANGE,",CA 92865,TEL: (714) 685-7500,,1-7146857500 TEL,EX,1-714685,76,,,
20180101622,AUTOPARTSOURCE,4605 CAROLINA AVENUE,,,,"RICHMOND,",VA,23222,US,,,
20180101623,JOHN M.BRINING,202 CONGRESS STERRT P O BOX 403,"MOBILE,AL,36603,US",,,,,,,,,
20180101624,PIER 1 IMPORTS (U.S.) INC.,INTL. TRANSPORTATION DEPT.,100 PIER 1 PLACE,"FORT WORTH, TX 76102",,1-8178788000,,,,,,
20180101625,PIER 1 IMPORTS (U.S.) INC.,INTL. TRANSPORTATION DEPT.,100 PIER 1 PLACE,"FORT WORTH, TX 76102",,1-8178788000,,,,,,
20180101628,"EXPEDITORS CANADA,INC.","6700 COTE DE LIESSE,SUITE 501",VILLE ST-LAURENT QUEBEC H4T 2B5,CANADA,,,,,,,,
20180101630,VANDEGRIFT FORWARDING COMPANY INC.,"20 SOUTH CHARLES STREET, SUITE 501","BALTIMORE,MD,21201,US",,,,,,,,,
20180101631,AUDIO TECHNICA US INC,1221 COMMERCE DR,,,,STOW,OH,44224,US,,,
20180101632,PMK INTERNATIONAL LLC,"1107 SW GRADY WAY BLDG B, STE","120 RENTON, WA 98057",UNITED STATES OF AMERICA,,,,,,,,
20180101634,HECNY TRANSPORTATION(USA)INC - LAX,"19550 S.DOMINGUEZ HILLS DRIVE,","RANCHO DOMINGUEZ, CA 90220.",TEL:562-616-7888 FAX:562-616-7895,,,,,,,,
20180101635,GLOBAL TRANSPORTATION SVC INC,2201 SIXTH AVE SOUTH,,,,SEATTLE,WA,98134,US,DISPATCH,,
20180101637,POWERTRAC MACHINERY,7181 N.W. 77TH AVENUE,"MIAMIA,FL 33166,USA",,,,,,,,,
20180101638,TBC CORPORATION INC,"4300 TBC WAY PALM BEACH GARDENS,",FL 33410,,,,,,,,,
20180101639,TBC CORPORATION INC,"4300 TBC WAY, PALM BEACH GARDENS,",FL 33410 U.S.A.,,,,,,,,,
20180101640,TBC CORPORATION INC,"4300 TBC WAY, PALM BEACH GARDENS,",FL 33410 U.S.A.,,,,,,,,,
20180101643,EUROPEAN AMERICAN ARMORY,CORP H1426/1428 KING ST,COCOA FL 32922,USA,,,,,,,,
20180101644,UNTO THE ORDER OF EASTERN BANK LTD,"10 DILKUSHA C A, JIBON BIMA BHABAN","DHAKA-1000,BANGLADESH",,,,,,,,,
20180101644,"ZONE SOLUTIONS,LLC","FTZ ADMINISTRATION,1 INDIANA SQUARE","SUITE 1350,INDIANAPOLIS,",IN 46204,,,,,,,,
20180101646,UNTO THE ORDER OF,EXPORT IMPORT BANK OF BANGLADESH LT,"AGRABAD BRANCH,","CHITTAGONG-4000,BANGLADESH",,,,,,,,
20180101646,"ZONE SOLUTIONS,LLC","FTZ ADMINISTRATION,1 INDIANA SQUARE","SUITE 1350,INDIANAPOLIS,",IN 46204,,,,,,,,
20180101647,UNTO THE ORDER OF PRIME BANK LTD,ISLAMIC BANKING BRANCH,"19,DILKUSHA C A,DHAKA-1000,",BANGLADESH,,,,,,,,
20180101647,"ZONE SOLUTIONS,LLC","FTZ ADMINISTRATION,1 INDIANA SQUARE","SUITE 1350,INDIANAPOLIS,",IN 46204,,,,,,,,
20180101648,UNTO THE ORDER OF BANK ASIA LIMITED,MOHAKHALI BRANCH,"82,MOHAKHALI C A","DHAKA-1212,BANGLADESH",,,,,,,,
20180101648,"ZONE SOLUTIONS,LLC","FTZ ADMINISTRATION,1 INDIANA SQUARE","SUITE 1350,INDIANAPOLIS,",IN 46204,,,,,,,,
20180101649,"M S INTERNATIONAL,INC","2095 N.BATAVIA ST.,ORANGE,CA 92865",TEL/FAX:714-6857641,,,1-7146857500 TEL,EX,1-714685,76,,,
20180101650,BRILLIANT GROUP LOGISTICS CORP.,159 NORTH CENTRAL AVE,"VALLEY STREAM,NY 11580,U.S.A",T:516-599-2406 F:516-599-0528,E-MAIL: ARRIVALNOTICE.NY,,,,,,,
20180101652,BDP INTERNATIONAL-LAX,1010 KNOX STREET,,,,TORRANCE,CA,90502,US,,,
20180101653,UNTO THE ORDER OF PUBALI BANK LTD,"MOTIJHEEL BRANCH, SENAKALYAN VHABAN","195,MOTIJHEEL C A,","DHAKA-1000,BANGLADESH",,,,,,,,
20180101653,"ZONE SOLUTIONS,LLC","FTZ ADMINISTRATION,1 INDIANA SQUARE","SUITE 1350,INDIANAPOLIS,",IN 46204,,,,,,,,
20180101655,PERIMETER GLOBAL LOGISTICS,6321 EMPEROR DRIVE SUITE 202 ORLAND,32809 GLENN.MANFRIN@SHIPPGL.COM,,,,,,,,,
20180101658,"GOLDEN BRIDGE INTERNATIONAL, INC.","733 9TH AVE, CITY OF INDUSTRY, CA",91745,TEL: (626) 810-0688,FAX: (626) 810-0399,,,,,,,
20180101659,MAGNIFICENT SEVEN LLC DBA DEEP STEE,P,P2671 FORT TRENHOLM RD,,,JOHNS ISLAND,SC,29455,US,,,
20180101661,HOME DEPOT PRODUCT AUTHORITY LLC,2455 PACES FERRY ROAD,"ATLANTA, GA 30339, UNITED STATES",,,1-8888129357 TEL,EX,1-888812,93,,,
20180101662,HOME DEPOT PRODUCT AUTHORITY LLC,2455 PACES FERRY ROAD,"ATLANTA, GA 30339, UNITED STATES",,,1-8888129357 TEL,EX,1-888812,93,,,
20180101669,"TBX TECHNOLOGY,INC",1801 HIGHLAND AVE STE I,DUARTE CA 91010,USA,,,,,,,,
20180101670,VOGUE GROUP INC,550 SMITH STREET FARMINGDALE,NEW YORK NY 11735,USA,,,,,,,,
20180101671,VOGUE GROUP INC,550 SMITH STREET FARMINGDALE,NEW YORK NY 11735,USA,,,,,,,,
20180101672,VOGUE GROUP INC,550 SMITH STREET FARMINGDALE,NEW YORK NY 11735,USA,,,,,,,,
20180101674,TECKREZ INC.,"1571 SANDY SPRINGS DR,ORANGE PARK,F","L 32003,USA,ORANGE PARK,FLORIDA,UNI",TED STATES,,,,,,,,
20180101675,TRANSLINK SHIPPING INC.-NEW YORK,149-35 177 STREET SUITE 201,"JAMAICA, NY 11434",TEL:(718)656-1688 FAX:(718)244-73,,1-7186561688 TEL,EX,1-718244,73,,,
20180101677,DF YOUNG INC,176 20 147TH AVENUE JAMAICA NY 1143,4 PHONE 718 656 8484 EXT 15 FX 718,656 8656,,,,,,,,
20180101683,SCHENKER OF CANADA LIMITED,SUITE 3A-1030 WEST GEORGIA STREET,"VANCOUVER,B.C.V6E 2Y3",PHONE(604)6888511,,1-6046230804 TEL,EX,1-604628,47,,,
20180101685,"APEX MARITIME CO. (ORD), INC.","1900 E. GOLF ROAD, SUITE# 1105","SCHAUMBURG,IL 60173 UNITED",STATES TEL:630-227-9818 FAX:,,1-6302279818 TEL,EX,1-630227,98,,,
20180101689,"AQUA STAR USA CORP.,","2025 FIRST AVENUE, SUITE 200,","SEATTLE, WA 98121,",U.S.A.,,,,,,,,
20180101690,SKYLINE DESIGN,4940 NW 167 STREET,MIAMI FL 33014,,,,,,,,,
20180101691,"AUTOMOTIVE ALLIANCE, LLC","4050 NW 126 AVE, SUITE 100,","CORAL SPRINGS, FL 30065",,,,,,,,,
20180101692,M S PACIFIC CORAL SEAFOOD CO.INC,2240 NE 2ND AVE,"MIAMI, FLORIDA 33137",USA,,,,,,,,
20180101693,"AQUA STAR USA CORP.,","2025 FIRST AVENUE, SUITE 200,","SEATTLE, WA 98121,",U.S.A.,,,,,,,,
20180101694,OCEAN WORLD VENTURES LLC,"1700 W.CORTLAND ST.STE 201,","CHICAGO,IL 60622,U.S.A.",TEL 312-878-1602,,,,,,,,
20180101695,ALPHA BROKERS CORP.,2875 NW 82 AVE,"MIAMI, FL 33122",PH 305 -594-9290,,,,,,,Telephone Number,FAX 305 -406-0350
20180101696,COAST TO COAST IMPORTING,"11801 NW 102ND ROAD, SUITE 4,","MEDLEY, FLORIDA 33178.",MIKE.KINGCRAB@GMAIL.COM,,,,,,,Telephone Number,TEL 305-885-2977
20180101697,COAST TO COAST IMPORTING,"11801 NW 102ND ROAD, SUITE 4,","MEDLEY, FLORIDA 33178.",MIKE.KINGCRAB@GMAIL.COM,,,,,,,Telephone Number,TEL 305-885-2977
20180101698,"PACIFIC CORAL SEAFOOD CO., INC","2240, NE 2ND AVE, MIAMI,","FLORIDA-33137, USA.",TEL 001-305-573-8280,,,,,,,Telephone Number,FAX 001-305-573-5882
20180101699,COAST TO COAST IMPORTING,"11801 NW 102ND ROAD, SUITE 4,","MEDLEY, FLORIDA 33178.",MIKE.KINGCRAB@GMAIL.COM,,,,,,,Telephone Number,TEL 305-885-2977
20180101700,COAST TO COAST IMPORTING,"11801 NW 102ND ROAD, SUITE 4,","MEDLEY, FLORIDA 33178.",MIKE.KINGCRAB@GMAIL.COM,,,,,,,Telephone Number,TEL 305-885-2977
20180101701,"AQUA STAR USA CORP.,","2025 FIRST AVENUE, SUITE 200,","SEATTLE, WA 98121,",U.S.A.,,,,,,,,
20180101702,"CHICKEN OF THE SEA FROZEN FOODS,","222 N.SEPULVEDA BLVD,","SUITE 1550, EL-SEGUNDO,","CA 90245, USA.",,,,,,,,
20180101703,COAST TO COAST IMPORTING,"11801 NW 102ND ROAD, SUITE 4,","MEDLEY, FLORIDA 33178.",MIKE.KINGCRAB@GMAIL.COM,,,,,,,Telephone Number,TEL 305-885-2977
20180101704,COAST TO COAST IMPORTING,"11801 NW 102ND ROAD, SUITE 4,","MEDLEY, FLORIDA 33178.",MIKE.KINGCRAB@GMAIL.COM,,,,,,,Telephone Number,TEL 305-885-2977
20180101707,SAME AS CONSIGNEE,NO ADDRESS,,,,,,,,,,
20180101714,UNION LOGISTICS,"950 S HATCHER AVE,",CITY OF INDUSTRY CA 91789,USA,,,,,,,,
20180101716,WORLDBRIDGE LOGISTICS,22 CENTURY BLVD SUITE 510,NASHVILLE TN 37214 UNITED STATES,,,,,,,,,
20180101717,EXPEDITORS INTL OF WA INC,506 E. DALLAS RD,SUITE 400,GRAPEVINE TX 76051,,,,,,,,
20180101718,ONE STOP CUSTOMS BROKERS INC,1502A WEST ARTESIA SQUARE,,GARDENA CA90248,,,,,,,,
20180101719,IMPERIAL INTER-FREIGHT INC.,SUITE 205 175-01 ROCKAWAY BLVD.,JAMAICA NY,UNITED STATES,,,,,,,,
20180101720,ONE STOP CUSTOMS BROKERS INC.,1502A WEST ARTESIA SQUARE,"GARDENA,CA 90248",,,,,,,,,
20180101722,EXPEDITORS INTERNATIONAL OF WASHING,SUITE 100 2544 EAST LANDSTREET ROAD,ORLANDO FL 32824,UNITED STATES,,,,,,,Telephone Number,8167234 8167234
20180101722,"TAMPA MAID FOODS, LLC",1110 COUNTY LINE ROAD,LAKELAND FL 33815,UNITED STATES,,,,,,,Telephone Number,6884552
20180101723,EXPEDITORS INTERNATIONAL OF WASHING,SUITE 100 2544 EAST LANDSTREET ROAD,ORLANDO FL 32824,UNITED STATES,,,,,,,Telephone Number,8167234 8167234
20180101723,"TAMPA MAID FOODS, LLC",1110 COUNTY LINE ROAD,LAKELAND FL 33815,UNITED STATES,,,,,,,Telephone Number,6884552
20180101726,ROOMS TO GO,CUSTOMS HOUSE BROKER-NISHA SEVILLA,11540 HIGHWAY 92 EAST,"SEFFNER,FL 33584",TEL_813-635-3136 FAX_813-621-0173,,,,,,,
20180101729,GAC ENERGY & MARINE SERVICES LLC,16200 CENTRAL GREEN BOULEVARD,HOUSTON TX 77032,UNITED STATES,,,,,,,Telephone Number,6601650 5838088
20180101730,MARINSA INTERNATIONAL INC,"12250 S.W 133 COURT MIAMI FL, UNITE",D STATES POSTAL:33186,.,,,,,,,,
20180101734,UPS-SCS,2031 S. CENTENNIAL AVE,AIKEN SC 29803 UNITED STATES,,,,,,,,,
20180101735,ICON HEALTH & FITNESS,1500 SOUTH 1000 WEST,LOGAN UT 84321 UNITED STATES,,,,,,,,,
20180101735,DAMCO CUSTOMS SERVICES INC.,5011 FIRESTONE PLACE,SOUTH GATE CA 90280 UNITED STATES,,,,,,,,,
20180101736,ICON HEALTH & FITNESS,1500 SOUTH 1000 WEST,LOGAN UT 84321 UNITED STATES,,,,,,,,,
20180101736,DAMCO CUSTOMS SERVICES INC.,5011 FIRESTONE PLACE,SOUTH GATE CA 90280 UNITED STATES,,,,,,,,,
20180101737,ICON HEALTH & FITNESS,1500 SOUTH 1000 WEST,LOGAN UT 84321 UNITED STATES,,,,,,,,,
20180101737,DAMCO CUSTOMS SERVICES INC.,5011 FIRESTONE PLACE,SOUTH GATE CA 90280 UNITED STATES,,,,,,,,,
20180101738,QUICK MASTER EXPRESS USA CORP,2160 N CENTRAL RD.STE 206C,"FORT LEE, NJ 07024",USA,,,,,,,,
20180101739,"AMERICAN KENDA RUBBER IND.CO.,LTD.",STHOMAS@KENDAUSA.COM,CHSIEH@KENDAUSA.COM,,,,,,,,,
20180101741,MIQ LOGISTICS,2077 CONVENTION CENTER CONCOURSE,SUITE 200,"ATLANTA, GA 30337",,,,,,,Telephone Number,T 770 809 3473 F 770 996 693
20180101742,"SUMITOMO RUBBER NORTH AMERICA, INC.","8656 HAVEN AVE., RANCHO CUCAMONGA,",CA 91730,IMPORTS FALKENTIRE.COM,RANCHO CUCAMONGA CA,,,,,,,
20180101743,GLOBAL CONTAINER LINE INC,"C O GLOBAL TRANSPORTATION SERVICES,",INC.(MINNEAPOLIS) 305 BRIDGEPOINT,"DRIVE, SUITE 150 SOUTH SAINT PAUL,",SOUTH ST PAUL MN,,,,,,,
20180101747,INTERNATIONAL LOGISTICS ASSOCIATES,LLC.,"525 MILLTOWN ROAD,SUITE 305,","NORTH BRUNSWICK, NJ 08902 USA",,,,,,,Telephone Number,TEL 1-732-422-5016
20180101749,APEX MARITIME CO. INC.,206 UTAH AVE SOUTH SAN FRANCISCO CA,94080 UNITED STATES,,,,,,,,,
20180101750,EFL CONTAINER LINES LLC,2100 NW 97TH AVENUE. SUITE 100,"FLORIDA ,UNITED STATES,33172",,,,,,,,,
20180101751,MALABAR FOOD PRODUCT,21175 S MAIN STREET,E1-UNIT C,CARSON CA 90745,USA,,,,,,,
20180101752,DAWN FREIGHT INC,"4428-4430 NW 74 AVE MIAMI, FL 33166","TEL:305-597-1545,FAX:305-597-9769",,,,,,,,,
20180101756,"GOOD2GROW, INC.","2859 PACES FERRY ROAD, SUITE 2100,","ATLANTA, GA 30339,USA",,,,,,,,,
20180101757,SAME AS CONSIGNEE,,,,,,,,,,,
20180101760,BRILLIANT GROUP LOGISTICS CORP.,159 NORTH CENTRAL AVE,"VALLEY STREAM,NY 11580,U.S.A",T 516-599-2406 F 516-599-0528XX,,,,,,,,
20180101761,SCHNEIDER ELECTRIC IT CORP.,1660 SCIENCE AVE,,,,COSTA MESA,CA,92626,US,,Telephone Number,+17145571636
20180101762,"MEIKO AMERICA, INC.","19600 MAGELLAN DR. TORRANCE, CA.","90502, U.S.A.",TEL +1-310-483-7400,FAX +1-310-483-7404,,,,,,,
20180101765,SUPERIOR BROKERAGE SERVICES INC.,"430 PLAZA DRIVE, SUITE B","ATLANTA, GA 30349",ATTN: PAUL GUSTINE,CELL: 404 825 6868,,,,,,,
20180101766,TRANSLINK SHIPPING INC.-NEW YORK,149-35 177 STREET SUITE 201,"JAMAICA, NY 11434",TEL 718 656-1688 FAX 718 244-7360,,,,,,,Telephone Number,ATTN MS. SARAH CHEN
20180101767,TRANSFREIGHT EXPRESS LINES,UNIT 14-20 2792 NATIONWIDE PARKWAY,BRUNSWICK OH 44212,UNITED STATES,,,,,,,Telephone Number,2732255 2203134
20180101769,UNID OCEAN TRANSPORT INC.,"9660 FLAIR DR.,SUITE 498","EL MONTE,CA 91731",TEL 626-454-5100 FAX 626-454-2600,,,,,,,,
20180101770,UNID OCEAN TRANSPORT INC.,"9660 FLAIR DR.,SUITE 498","EL MONTE,CA 91731",TEL 626-454-5100 FAX 626-454-2600,,,,,,,,
20180101772,HOUSE OF SPICES (INDIA) INC,127-40 WILLETS POINT BOULEVARD,"FLUSHING, NY 11368-1506",U.S.A.,,,,,,,,
20180101773,DSV AIR & SEA INC. - I902,5950 HAZELTINE NATIONAL DR,SUITE 690,ORLANDO FL 32822,UNITED STATESXXX,,,,,,,
20180101774,OK CONTAINER SALES INC.,2707 E. VALLEY BLVD. STE305,WEST COVINA CA 91792,TEL1-626-912-5788,,,,,,,Telephone Number,FAX1-626-912-6188
20180101775,TOPOCEAN CONSOLIDATION SERVICE,(LOS ANGELES) INC 2727 WORKMAN MILL,CITY OF INDUSTRY CA 90601 UNITED ST,,,,,,,,,
20180101776,PMK INTERNATIONAL LLC,"BUILDING B, SUITE 120 1107 SW GRADY",RENTON WA 98057,UNITED STATES,,,,,,,Telephone Number,4391863 2419989
20180101777,PANALPINA INC. (USA),19409 KENSWICK DRIVE,,,,HUMBLE,TX,77338,US,,,
20180101778,"TT OCEAN LOGISTICS,LLC","10201 MW 112TH AVENUE,","SUITE 20 MIAMI,FLORIDA 33178",PH:305-863-0007 EXT. 1768,,1-3058630007 TEL,EX,1-305805,80,,,
20180101779,GREATING SHIPPING COMPANY,2225 W. COMMONWEALTH,ALHAMBRA CA 91803 UNITED STATES,,,,,,,,,
20180101780,"TRANSLINK SHIPPING,INC.-MIAMI","2539 N.W.72ND AVENUE MIAMI,",FL 33122,PH (305)599-2987,FAX (305)599-2240,,,,,,,
20180101781,US PACIFIC TRANSPORT INC,"36-36 MAIN STREET, 6/FLOOR UNIT 6R",FLUSHING/QUEENS NY 11354 UNITED STA,,,,,,,,,
20180101785,"M S INTERNATIONAL ,INC.","ADDRESS:2095 N.BATAVIA STREET,","ORANGE,CA 92865",TEL:(714)685-7500,,1-7146857500 TEL,EX,1-714685,76,,,
20180101789,EXPEDITORS INTL (PUERTO RICO) INC,MARTIN GONZALES INDUSTRIAL PARK,"BUILDING B-2, LOT 3",CAROLINA PR 00983,,1-7877507500 TEL,EX,1-787769,13,,,
20180101790,"MR AVELIN DAVID, ALAIN, D SIR E",C/O CROWN WORLWIDE PARIS CO.LTD,7 RUE GUSTAVE EIFFEL,78300 POISSY - FRANCE,,,,,,,Telephone Number,TEL : 01 30 06 79 47
20180101791,CH.DAUDRUY VAN CAUWENBERGHE FILS,RUE GEORGES VAN CAUWENBERGHE,ZONE INDUSTRIELLE DE PETITE SYNTHE,59640 DUNKERQUE - FRANCE,,,,,,,Telephone Number,TEL : 03.28.61.98.35
20180101792,CITY FURNITURE,6701 N.HIATUS ROAD,TAMARAC.FL 33321,CTC: RHONDA.SOCOL,,,,,,,Telephone Number,TEL: 954.597.2200 EXT: 7221
20180101792,DAMCO CUSTOMS SERVICES,9300 ARROWPOINT BLVD.,"CHARLOTTE, NC 28273",JENNIFER.SOTO DAMCO.COM,,,,,,,Telephone Number,T: (704) 571-2810
20180101793,OEC FREIGHT (MIAMI) INC.,"9905 N.W. 17TH STREET, SUITE 107","MIAMI, FL. 33172",TEL:305-4637007,,,,,,,Telephone Number,EMAIL:OPS.MIA OECGROUP.COM
20180101794,COASTER CO. OF AMERICA,12928 SANDOVAL STREET,"SANTA FE SPRINGS CA, 90670 USA.",CONTACT: BING XU,,,,,,,Telephone Number,TEL: 562-944-7899 EXT. 1158
20180101794,UPS SUPPLY CHAIN SOLUTIONS,19701 HAMILTON AVE. SUITE 250,"TORRANCE, CA 90502",TEL : 310-404-2849,,,,,,,Telephone Number,FAX : 310-404-2946
20180101795,COASTER CO. OF AMERICA,12928 SANDOVAL STREET,"SANTA FE SPRINGS, CA 90670 USA",CONTACT: BING XU,,,,,,,Telephone Number,TEL: 562-944-7899 EXT: 1158
20180101795,UPS SUPPLY CHAIN SOLUTIONS,19701 HAMILTON AVE. SUITE 250,"TORRANCE, CA 90502 USA",TEL: 310-404-2849 FAX: 310-404-2946,,,,,,,Telephone Number,ATTN: SHERRY LEE
20180101796,APEX MARITIME CO. INC.,206 UTAH AVE SOUTH SAN FRANCISCO CA,94080 UNITED STATES,,,,,,,,,
20180101797,APEX MARITIME CO. INC.,206 UTAH AVE SOUTH SAN FRANCISCO CA,94080 UNITED STATES,,,,,,,,,
20180101798,JERSEY WHOLESALE TIRE CORP,"1561 ROUTE 9 TOMS RIVER, NJ 08753",,,,,,,,,,
20180101800,BLACK''S TIRE & AUTO SERVICE,"30 BITMORE ROAD PO.BOX 919,",WHITEVILLE NC UNITED STATES 28472,,,,,,,,,
20180101801,"APEX MARITIME CO. (ORD), INC.","1900 E. GOLF ROAD, SUITE# 1105","SCHAUMBURG,IL 60173 UNITED",STATES,,1-9095948828 TEL,EX,1-909594,91,,,
20180101802,E. BELSER & CO.,115 MARTIN LANE,ELK GROVE VILLAGE IL 60007,USA,,,,,,,,
20180101803,"M/S WORLD TRADING COMPANY INC.,","6754 MELROSE LN. OKLAHOMA CITY,","OK. 73127, USA",,,1-4057871982 TEL,EX,1-405787,13,,,
20180101804,EXPEDITORS INTL OF WA INC,3101 YORKMONT ROAD,SUITE 2400,CHARLOTTE NC 28208,,,,,,,Telephone Number,U.S.A.
20180101805,LAMEX AGRIFOODS INC.,"80 SW 8TH STREET, SUITE 2800","MIAMI, FL 33130, USA.","MIAMI, MN 33130 US",,,,,,,,
20180101809,APEX MARITIME CO. LAX INC.,565 BREA CANYON RD.SUITE D,"WALNUT, CA 91789",TEL 909 594-8828 FAX 909 594-9199,,,,,,,,